cod,desc,tag,price,barcode
00004174,DHARAM SINGH SAL DIET SABOR AJO X 140GR,,9500,7794371000105
00004184,DHARAM SINGH SAL DIET SABOR X 140GR,,9500,7794371000136
00004160,AJINOMOTO HONDASHI CALDO DE PESCADO 6UN.,,3500,7891132040018
00002763,ALLYGURT YOGUR ARANDANOS&HIBISC. X 140GR,VEGANO,3000,754697513083
00002766,ALLYGURT YOGUR NATURAL S/ AZUCAR X 140GR,VEGANO,3000,721450715961
00002764,ALLYGURT YOGUR VAINILLA CARAMEL X 140GR,VEGANO,3000,721450715954
00000460,ALMADRE PITA CHIPS CEBOLLA X 115G,,2800,7798371600624
00000459,ALMADRE PITA CHIPS ORIGINAL X 115G,,2800,7798371600617
00001672,ALMADRE PITA CHIPS TOMATE Y ROMERO X115G,,2800,7798371600648
00001316,AMANDE LECHE ALMENDRAS LIVIANA X 1LT.,S/ TACC,6400,7790890111995
00001315,AMANDE LECHE ALMENDRAS ORIGINAL X 1LT.,BARISTA,7500,7790890070049
00002631,AMANDE LECHE ALMENDRAS ORIGINAL X 500ML.,BARISTA,4200,7798411150065
00001317,AMANDE LECHE ALMENDRAS Y COCO X 1LT.,S/ TACC,6500,7790890100791
00002191,ANGIOLA C/STEVIA CHOCOLATE X 120 GR,,3200,7798294150336
00000549,ANGIOLA C/STEVIA NARANJA X 120 GR,,3200,7798294150343
00000547,ANGIOLA C/STEVIA VAINILLA X 120 GR.,,3200,7798294150312
00003866,ANIMA BARRITA DE MANI CROCANTE X 50GR.,,4300,714604189725
00004060,ANIMA BARRITA DE SALTED CARAMEL X 50GR.,,4300,727373331998
00003927,ARGENDIET ALGAS KOMBU EN TIRAS X 100GR.,,10500,7798146450270
00003928,ARGENDIET ALGAS KOMBU ENTERAS X 100GR.,,10500,7798146450263
00003962,ARGENDIET CALDO DE VERDURAS X 10 SOBRES,S/SAL,2000,7798146450027
00003963,ARGENDIET CALDO DE VERDURAS X 170GR.,S/SAL,3000,7798146450041
00003929,ARGENDIET HOJAS DE ALGA NORI SUSHI 12UN.,S/ TACC,20000,7798146450294
00003798,ARGENDIET HOJAS DE ALGA NORI SUSHI 6UN.,S/ TACC,11000,7798146450287
00001312,ARGENTI TAPAS DE EMPANADAS X 12UN.,VEGANO,3700,7798336831049
00003961,ARGENTI TAPAS DE TARTA X 2UN.,VEGANO,4500,7798336831056
00000552,ARROCITAS GALLE ARROZ INT YAMANI X 101GR,S/ SAL,1600,7790538009578
00000553,ARROCITAS GALLE ARROZ INT YAMANI X 101GR,DULCE,1600,7790538009707
00000551,ARROCITAS GALLE INT. YAMANI X 101GR.,C/ SAL,1600,7790538009561
00003806,ARYTZA KETCHUP AHUMADO X 400GR.,,8500,7798126291282
00000056,ARYTZA MAYONESA AHUMADA X 360GR.,,8500,7798126290896
00000057,ARYTZA MAYONESA CLASICA X 340GR.,,7500,7798126290889
00002858,ARYTZA MAYONESA CON AJO X 340GR.,,8000,7798126290940
00000059,ARYTZA MOSTAZA A LA MIEL X 360GR.,,6500,7798126291053
00003192,ARYTZA MOSTAZA AHUMADA X 360GR.,,7000,7798126291275
00000061,ARYTZA MOSTAZA ALEMANA X 360GR.,,6000,7798126291060
00003195,ARYTZA MOSTAZA SIN SAL X 360GR.,,6000,7798126291091
00000062,ARYTZA MOSTAZA TIPO DIJON X 360GR.,,7500,7798126290971
00004170,ARYTZA SALSA ALIOLI X 340GR.,,7000,7798126291305
00003193,ARYTZA SALSA BARBACOA X 370GR.,,7500,7798126291138
00003184,ARYTZA SALSA CRIOLLA ETIQ. NEGRA X 360GR,,9000,7798126291121
00003220,ARYTZA VEGANESA C/ ZANAHORIA X 190GR.,,6000,7798126291541
00003212,ARYTZA VEGANESA TIPO GOLF X 190GR.,,6000,7798126291589
00002867,ARYZA CHIMICHURRI ETIQ. NEGRA X 360GR.,,8200,7798126291114
00003936,AZAFRAN EN HEBRAS X 10GR.,,5000,AZAFRAN
00000405,BAMBOO POCHOCOCLOS SALTY X 60GR.,,3000,7798378750025
00000404,BAMBOO POCHOCOCLOS SWEET X 80GR,,3000,7798378750018
00003665,BARRA BRAVA BOCADO BRAVITO X 22GR.,,800,7798424300037
00003657,BARRA BRAVA CHOCO & NUECES & COCO X 45GR,,1400,7798424300051
00003655,BARRA BRAVA DATIL&CHOCO PROTEICA X 58GR.,15GR PROT.,1700,7798424300082
00003659,BARRA BRAVA DATILES&ARANDANOS X 45GR,,1400,7798424300075
00003658,BARRA BRAVA FRUTILLA & NARANJA X 45GR.,,1400,7798424300068
00001977,BARRA BRAVA FUNGI 1GR MELENA LEON X 40GR,S/CONSERV.,2000,7798424300013
00003889,BEAUDROIT YOGUR DESCREM F. ROJOS X 160GR,,3300,7798327950117
00003890,BEAUDROIT YOGUR DESCREM VAINILLA X 160GR,,3000,7798327950087
00002564,BEAUDROIT YOGUR DESLAC. F. ROJOS X 160GR,DESCREMADO,3300,7798327950186
00003888,BEAUDROIT YOGUR DESLAC. FRUTILLA X 160GR,DESCREMADO,3300,7798327950179
00001662,BEAUDROIT YOGUR ENTERO NATURAL X 160GR.,S/ AZUCAR,3000,7798327950131
00002552,BEAUDROIT YOGUR NATURAL DESLAC. X 160GR.,S/ AZUCAR,3000,7798327950162
00004042,BENDITA AVENA PAN INT. DE CENTENO X 500G,MASAMADRE,6000,BENDICENTENO
00004046,BENDITA AVENA PREPIZZA INTEGRAL X 2UN.,,4500,PREPIINT
00004045,BENDITA AVENA PREPIZZA KETO X 2UN.,,7000,PREPIKETO
00003662,BENOT CHOCOLATE FAMILIAR SEMI. X 100GR.,,6000,7798144570864
00003619,BETIC FIDEOS HARINA INTEGRAL X 300GR.,ESPINACA,2300,7792025110125
00003620,BETIC FIDEOS HARINA INTEGRAL X 300GR.,MORRON,2300,7792025110132
00003621,BETIC FIDEOS HARINA INTEGRAL X 300GR.,CLASICO,2300,7792025110149
00003449,BIBA LECHE DE ALMENDRA X 1LT.,,4500,7798290581875
00003424,BIBA LECHE DE ALMENDRA X 500ML.,,2500,7798290581912
00002890,BIBA LECHE DE AVENA X 500ML.,,2500,7798290582308
00003942,BIBA LECHE DE QUINOA X 1LT.,,4500,7798290581905
00004189,BIBA LECHE VEGETAL PROTEICA X 500ML.,,2800,7798290582605
00003052,BIIGUAL BARRA PROTEICA ORIGINAL X 50GR.,S/TACC,3000,7798425830014
00000342,BIIGUAL BARRITA PROTEICA CACAO X 50GR.,S/TACC,3000,7798425830038
00003917,BIIGUAL PROTEFUNGA CHOCO X 50GR.,S/TACC,3000,7798425830083
00003916,BIIGUAL PROTEFUNGA COCO X 50GR.,S/TACC,3000,7798425830076
00004164,BITARWAN SALSA DE SOJA CREMOSA X 250CM,,7000,7798068450198
00004163,BITARWAN SALSA DE SOJA X 250CM.,,5500,7798068450204
00004103,BNB BARRA PROTEICA FRUTOS ROJOS X 60GR,20GR. PROT,2000,7798040465158
00004187,BNB BARRA PROTEICA NARANJA X 60GR,20GR. PROT,2000,7798040465127
00004102,BNB BARRA PROTEICA SALTED CARAMEL X 60GR,20GR. PROT,2000,7798040465097
00001330,BOTANICA NATIVA ACEITE DE OREGANO X 30ML,GOTERO,9000,NATIVAOREGANO
00002547,BOTANICA NATIVA ACEITE DE RICINO X 50ML.,,6000,NATIVARICINO
00003656,BRAVA PROTEICA DE ARANDANO&CHOCO X 58GR.,15GR PROT.,1700,7798424300099
00004113,BREAD NET ALGARROBA&NARANJA 200GR,SIN AZUCAR,3000,7798187790564
00004130,BREAD NET BROWNIE ALGARROBA X 45GR,SIN AZUCAR,2500,7798430960256
00004132,BREAD NET BROWNIE BANANA&NUEZ X 45GR,SIN AZUCAR,2500,7798430960270
00004131,BREAD NET BROWNIE FRUTOS ROJOS X 45GR,SIN AZUCAR,2500,7798430960263
00004115,BREAD NET CHIFFON ALGARROBA&MORA X 250GR,SIN AZUCAR,4000,7798430960157
00004116,BREAD NET CHIFFON FRUTOS ROJOS 250GR.,SIN AZUCAR,4000,7798430960119
00004181,BREAD NET GALLE CHIA-NAR-LIMON-ALME X200,SIN AZUCAR,3500,7798187790199
00004182,BREAD NET GALLES ARANDANOS Y NUEZ X 200G,SIN AZUCAR,3500,7798187790700
00004183,BREAD NET GALLES BANANA Y NUEZ X 200GR,SIN AZUCAR,3500,7798430960232
00004114,BREAD NET GALLES MANZANA&ALMEND. X 200GR,SIN AZUCAR,3500,7798187790151
00004134,BREAD NET MINI-DONAS BAÑADAS ALG. X 20UN,SIN AZUCAR,4500,7798430960294
00004133,BREAD NET MINI-DONAS BAÑADAS LIMON X 20U,SIN AZUCAR,4500,7798430960287
00004112,BREAD NET PAPAYA&ANANA&CAJU X 200 GR,SIN AZUCAR,3500,7798187790717
00003420,BUENAS Y SANTAS YERBA X 500G,HIERBAS,3300,7790387800197
00004155,BULL DOG SALSA TONKATSU X 300ML.,,16500,49753257
00001237,BURGANAS BERENJENA Y PIMENTON X 460GR.,S/TACC,6000,7798346740096
00001238,BURGANAS BROCOLI Y MIJO X 460GR.,S/TACC,6000,7798346740102
00001239,BURGANAS CALABAZA Y GARBANZO X 460GR.,S/TACC,6000,7798346740119
00001240,BURGANAS CEBOLLA CARAMELIZADA X 460GR.,S/TACC,6000,7798346740126
00001241,BURGANAS ESPINACA Y ARVEJA X 460GR,S/TACC,6000,7798346740133
00001242,BURGANAS LENTEJAS Y YAMANI X 460GR.,S/TACC,6000,7798346740140
00001244,BURGANAS TOMATES SECOS Y ADUKI X 460GR.,S/TACC,6000,7798346740164
00001243,BURGANAS ZANAHORIA Y ROMERO X 460GR.,S/TACC,6000,7798346740157
00004005,CARILO TOST. DE ARROZ BALANCE X 150GR.,S/ AZUCAR,2300,7798142880095
00002898,CARILO TOST. DE ARROZ DULCES X 150GR.,,2300,7798142880088
00004021,CARILO TOST. DE ARROZ INTEGRAL X 150GR.,,2300,7798142880200
00004004,CARILO TOST. DE ARROZ SIN SAL X 150GR.,S/ SAL,2300,7798142880026
00004178,CASA VEGANA BUDIN CARROT CAKE X 500GR,INTEGRAL,7000,736684278991
00004179,CASA VEGANA BUDIN DE BANANA Y NUEZ X500G,INTEGRAL,7000,736684279004
00001193,CASA VEGANA HAMBURGUESA ADUKI X 400GR,39GR PROTE,6000,758890930470
00002023,CASA VEGANA HAMBURGUESAS QUINOA X 400GR.,32GR PROTE,6000,758890930456
00002024,CASA VEGANA TOQUE DE GARBANZOS X 420GR.,,7500,720665957210
00001278,CASA VEGANA TOQUES THAI X 420GR.,,7500,720665957234
00000085,CASA VEGANA TOQUES TIKKA X 420GR.,SPICY,7500,656750729212
00004158,CASALTA VINAGRE DE ARROZ X 1LT.,,3300,7790139102074
00004039,CASERO BUDIN DE H. ALMENDRA X 300GR,SIN AZUCAR,10000,BUDINKETO
00004067,CASERO BUDIN DE QUESO X 400GR,H.ALMENDRA,9000,BUDINKESO
00004038,CASERO BUDIN INTEGRAL SIN AZUCAR X 400GR,,8500,BUDINX400
00003997,CASERO CHIPA X 250GR.,,6000,CHIPA250
00004121,CASERO COMBO VIANDA X 10U. DE 350/400GR.,,85000,VIANDAX10
00004119,CASERO COMBO VIANDA X 15U. DE 350/400GR.,,120000,VIANDAX15
00004037,CASERO DATILES MEDJOOL RELLENOS X 4UN.,,6000,DATJOOLX4
00004014,CASERO DATILES RELLENOS X 12UN,,8000,DATILX12
00004013,CASERO DATILES RELLENOS X 6UN.,,4500,DATILX6
00003833,CASERO EMPANADAS VEGAN/VEGGIE X 2UN.,,5000,EMPAVX2
00003834,CASERO EMPANADAS VEGAN/VEGGIE X 3UN.,,7000,EMPAVX3
00003832,CASERO PORCION DE TARTA X 250/300GR.,,5500,TARTA
00003969,CASERO VIANDA TAMAÑO XL +200GR,,3000,VIANDAXL
00003754,CASERO VIANDA X 350/400GR.,,9000,VIANDA
00004148,CELIPANES ALFAJOR DE COOKIES,,4000,
00003996,CELIPANES ALFAJOR DE FRUTOS ROJOS X 1UN.,S/TACC,4000,ALFROJO
00003745,CELIPANES ALFAJOR DE LIMON X 1UN.,S/TACC,3000,CELIALFLIMON
00003948,CELIPANES ALFAJOR DE MAIZENA X 1UN.,S/TACC,3000,CELIALFMAI
00003746,CELIPANES ALFAJOR DE MANI X 1UN.,S/TACC,4000,CELIALFMANI
00003747,CELIPANES ALFAJOR DE OREO X 1UN.,S/TACC,4000,CELIALFOREO
00003735,CELIPANES BAGUETIN X 2UN.,S/ TACC,5000,BAGUETIN
00004145,CELIPANES CIABATTA X 6 UNI,,13500,CELICIABATA
00004150,DEK SOM BOON SALSA SWEET CHILI X 350GR.,,7000,8850206251834
00000840,DELHI TEA AFRICAN FLAVOURS X 20 SAQ.,ROOIBOS,5000,7798073130788
00002777,DELHI TEA BLENDS SELECTOS X 30 SAQ.,,6800,7798389120312
00002797,DELHI TEA BLUEBERRY DREAMS X 20 SAQ.,,5000,7798389121784
00001972,DELHI TEA INDIAN CHAI X 20 SAQ.,,5000,7798073135387
00002806,DELHI TEA MATCHA BERRIES X 20 SAQ.,,5000,7798389121807
00000853,DELHI TEA MIX DE BLENDS X 30 SAQ.,,6800,7798073138487
00000851,DELHI TEA PATAGONIA BERRIES X 20 SAQ.,TE NEGRO,5000,7798073135622
00000848,DELHI TEA SWEET FLOWER X 20 SAQ.,,5000,7798073130757
00000852,DELHI TEA TE NEGRO CHOCO&ORANGE X 20 SAQ,,5000,7798073135639
00002041,DELI & RAW COOKIES DE CACAO X 90GR.,S/ TACC,5500,7798325430093
00000635,DELI & RAW CRACKERS CEBOLLA X 90GR.,PLANT B.,5000,7798325430086
00000632,DELI & RAW CRACKERS CLASICAS X 90GR.,PLANT B.,5000,7798325430048
00002037,DELI & RAW CRACKERS CURCUMA X 90GR.,PLANT B.,5000,7798325430062
00000634,DELI & RAW CRACKERS MEDITERRANEAS X 90GR,PLANT B.,5000,7798325430017
00000633,DELI & RAW CRACKERS ZANAHORIA X 90GR.,PLANT B.,5000,7798325430024
00004070,DELICEL GALLES DE CHOCOLATE X 200GR.,,3000,7798160700627
00003602,DELICEL GALLES DE COCO X 200GR.,,3000,7798160700610
00003947,CELIPANES COOKIE PISTACHO X 1UN,,2500,CELICOOKPIS
00003946,CELIPANES COOKIE RED VELVET X 1UN,S/ TACC,2500,CELICOOKRED
00003748,CELIPANES COOKIE VAINILLA C/ CHIPS X 1UN,S/ TACC,2500,CELICOOKVAI
00003750,CELIPANES CUADRADO DE BROWNIE X 1UN.,S/ TACC,4750,CELIBROWNIE
00003953,CELIPANES CUADRADO DE COCO Y DLL X 1UN.,,4250,CELICOCO
00003749,CELIPANES CUADRADO DE FROLA X 1UN.,S/ TACC,4250,CELIFROLA
00003751,CELIPANES CUADRADO LIMON&ARANDANOS X 1UN,S/ TACC,4250,CELILIMAR
00003752,CELIPANES CUADRADO VAINILLA&CHIPS X 1UN.,S/ TACC,4250,CELICUAVAI
00003737,CELIPANES FIGACITAS X 6UN.,S/ TACC,5000,FIGACITAS
00003753,CELIPANES MEDIALUNAS X 2UN.,S/ TACC,4500,CELIMEDIA
00003736,CELIPANES MIÑONCITOS X 4UN.,S/ TACC,5000,MIÑONCITO
00003738,CELIPANES PAN DE HAMBURGUESA X 2UN.,S/ TACC,5000,CELIHAMB
00003742,CELIPANES PAN DE MOLDE INTEGRAL XL,S/ TACC,14000,CELIXLINT
00003741,CELIPANES PAN DE MOLDE XL (25 RODAJAS),S/ TACC,12500,CELIXL
00003739,CELIPANES PAN DE PANCHO X 3UN.,S/ TACC,5000,CELIPANCHO
00003950,CELIPANES PAN KETO C/ QUESO X 4UN.,,8000,CELIPANKETOQUE
00003949,CELIPANES PAN KETO C/ SEMILLAS X 4UN.,S/ TACC,6500,CELIPANKETOSEM
00003951,CELIPANES PANCITOS CEBOLLA X 6UN.,,6500,CELIPANCEBO
00003740,CELIPANES PANCITOS INTEGRALES X 6UN.,S/ TACC,5500,CELIPANINT
00003952,CELIPANES PANCITOS OREGANO X 6UN.,,6500,CELIPANORE
00003764,CELIPANES PEPAS DE NUEZ&MEMBRILLO X 2UN.,S/ TACC,3000,CELIPEPAS
00003744,CELIPANES PIZZETAS X 4UN.,S/ TACC,5500,CELIPIZZETA
00003743,CELIPANES PREPIZZA GRANDE X 1UN.,S/ TACC,6000,CELIPIZZA
00003831,CELULA BROWNIE X 40GR.,S/ AZUCAR,3000,714604532866
00001948,CELULA COCINA PEPAS DE DLL X 150GR.,,8500,714604222552
00003388,CELULA GRANOLA PROTEICA KETO X 240GR.,,10000,727373158977
00003830,CELULA PEPAS DE FRUTOS ROJOS X 180GR.,,7500,727373158953
00003856,CERAL GALLETITAS LIGHT ALGARROBA X 190GR,S/ AZUCAR,3000,7794767006803
00003857,CERAL GALLETITAS LIGHT LIMON X 190GR.,S/ AZUCAR,3000,7794767000573
00003855,CERAL GALLETITAS LIGHT NARANJA X 190GR.,S/ AZUCAR,3000,7794767000528
00004017,CERAL GALLETITAS LIGHT VAINILLA X 190GR,S/ AZUCAR,3000,7794767000597
00003817,CHEZ MOMO BUDIN MANI&CACAO&VAINI X 320GR,,12000,714604520542
00003818,CHEZ MOMO BUDIN MANZANA&CRUMBLE X 320GR,,12000,714604520528
00003816,CHEZ MOMO BUDIN NARANJA&AMAPOLA X 320GR,,12000,714604520535
00000555,CHEZ MOMO COCO-DAQ X 140GR.,S/ TACC,5500,7798283670357
00000000,CHEZ MOMO KETONIA DULCE DE LECHE X 165GR,KETO,10500,714604520559
00002011,CHEZ MOMO LA CHEESE-CONLAIT X 160 GR.,S/ TACC,5500,714604520498
00000502,CHEZ MOMO LA-TRUFE-DE-XOC X 130 GR.,S/ TACC,5500,714604520474
00000509,CHEZ MOMO LE TIRAMISÚ X 130 GR.,S/ TACC,5500,714604520511
00003703,CHEZ MOMO MOMUS CHOCOLATE X 140GR.,VEGANO,3250,727373308761
00000756,CHEZ MOMO MOMUS DULCE DE LECHE X 140GR.,VEGETARIAN,3250,727373308778
00002115,CHEZ MOMO MOMUS FRUTILLA X 140GR.,VEGANO,3250,7798283670708
00004149,CHEZ MOMO PAN DE AVENA X 400GR,S/ TACC,8000,714604231332
00003701,CHEZ MOMO PAN H.ALMENDRA&LINO D. X 280GR,SANDWICH,8500,714604312123
00003699,CHEZ MOMO PAN H.ALMENDRA&LUPINO X 400GR.,KETO&LOW C,12000,714604312109
00003700,CHEZ MOMO PAN HARINA ALMENDRA X 380GR.,KETO&LOW C,12000,714604312093
00003702,CHEZ MOMO PAN LINO D&SEMILLA ACT X 380GR,KETO&LOW C,8000,714604312116
00000501,CHEZ MOMO SANGU J&Q X 115GR.,C/ ALUM.,6500,714604231301
00003861,CHEZ MOMO SANGU J&Q X 115GR.,S/ALUMINIO,6500,714604231295
00000493,CHEZ MOMO SANGU L&C X 115GR.,S/ALUMINIO,6500,714604231318
00000496,CHEZ MOMO SANGU L&C X 115GR.,C/ ALUM.,6500,714604231325
00000508,CHEZ MOMO XOCOTORTA X 180 GR.,S/ TACC,5500,714604520467
00000011,CHIA GRAAL AC.DE COCO MANTECA X 180ML,,7500,7798260050257
00002969,CHIA GRAAL ACEITE PALTA 100% PURO 250ML.,,22500,7798260052268
00004138,CHIQUETAS C/HARINA DE GLUTEN X 250GR,,4700,7798118980156
00004057,CHIQUETAS CON QUESO X 250GR.,,5500,7798118980200
00004058,CHIQUETAS INTEGRALES X 250GR,,4700,7798118980194
00004053,CHIQUETAS MINI CON SEMILLAS X 180GR.,QUINOA,3500,7798118980224
00004054,CHIQUETAS MINI CON SEMILLAS X 180GR.,LINO,3500,7798118980231
00004055,CHIQUETAS MINI CON SEMILLAS X 180GR.,CHIA,3500,7798118980217
00004056,CHIQUETAS MINI DE QUESO X 180GR.,,4000,7798118980248
00000676,CHOCOLEIT ALFAJOR DE CHOCOLATE X 50GR,,3500,7798188630012
00004109,CHOPPED CALDO DE HUESO X 12 CUBOS,,10000,714604527954
00004108,CHOPPED CALDO DE HUESO X 24 CUBOS,,15500,714604527961
00004098,CHOPPED YOGURT GRIEGO ENTERO X 190 GR,18GR. PROT,5500,714604527893
00004099,CHOPPED YOGURT GRIEGO ENTERO X 400 GR,18GR. PROT,10000,714604527909
00003682,COCO BOCADOS ALGARROBA&P. DE UVA X 36GR.,S/ HARINAS,2000,727373272857
00003681,COCO BOCADOS CACAO & NUECES X 36GR.,S/ HARINAS,2000,727373272840
00001351,COCO IOGO YOGUR COCO F. BOSQUE X 160GR.,S/AZUCAR,3250,7798338250305
00001382,COCOIOGO UNTABLE DE C.CAJU X 150G.,S/LACTOSA,4800,7798338250114
00001320,COCOON LECHE DE ALMENDRAS X 1LT,S/ TACC,5000,7792244911817
00002628,COECO 1/2 DOCENA DE HUEVOS PASTORILES,,3600,HUEVOSX6
00003124,COECO MAPLE DE HUEVOS PASTORIL X 30UN.,,17500,COECOX30
00004175,COECO POLLO ENTERO,,22500,COECOPOLLOENTERO
00002134,COECO SUPREMA PAN RALLADO INT. ORGANICO,X 1KG,23000,COECOMILA
00000734,COLONIAL CHOCOLATE 70% C/STEVIA  X 100GR,,5600,7797897003186
00002384,COLONIAL CHOCOLATE ORGANICO 80% X 100GR,,6000,7797897002943
00003785,COLONIAL CHOCOLATE ORGANICO 80% X 16GR,,800,77974730
00000735,COLONIAL CHOCOLATINA 70% C/ STEVIA 16GR,,400,7797897002981
00000736,COLONIAL CHOCOLATINAS C/ LECHE,S/ AZUCAR,400,7797897000055
00000559,CRACKINES TOSTADITAS DE ARROZ X 120GR.,,2300,7798200050019
00000560,CRISPPINO SNACK ARROZ CIBOULETTE X 50GR.,,1000,7798199770059
00003679,CRISPPINO SNACK DE ARROZ JAMON X 50GR.,,1000,7798199770035
00004157,CRISTAL DE MAR SAL MARINA ESCAMAS 150GR.,,17000,76625285030
00003635,CROCANTE SODA MICROSAB. S/AZUCAR X 473ML,ORIGINAL,3500,714604320197
00003636,CROCANTE SODA MICROSAB. S/AZUCAR X 473ML,HIERBAS,3500,714604320180
00003637,CROCANTE SODA MICROSAB. S/AZUCAR X 473ML,CAFE,3500,714604320173
00003638,CROCANTE SODA MICROSAB. S/AZUCAR X 473ML,LIMON,3500,714604320159
00003639,CROCANTE SODA MICROSAB. S/AZUCAR X 473ML,NARANJA,3500,714604320166
00004000,CROPPERS PASTA DE MANI CRUNCHY X 305G.,S/ AZUCAR,3800,7790524324753
00004001,CROPPERS PASTA DE MANI X 305G.,S/ AZUCAR,3500,7790524324548
00003223,CRUDDA BARRITA ARANDANOS&NUEZ X 40GR.,,2300,7798419670022
00002466,CRUDDA BARRITA AVELLANA&CHOCO X 40GR.,,2300,7798419670091
00002464,CRUDDA BARRITA BANANA&TOFFEE X 40GR.,,2300,7798419670084
00003225,CRUDDA BARRITA BROWNIE X 40GR.,,2300,7798419670015
00002465,CRUDDA BARRITA COCO&CHOCO X 40GR.,,2300,7798419670077
00003224,CRUDDA BARRITA MANI CARAMELIZADO X 40GR.,,2300,7798419670039
00003787,CRUDENCIO BIZCOCHOS GARBANZO X 150GR,,4500,781718923040
00002603,CRUDENCIO COOKIES VAINILLA X 125GR,,5500,781718923033
00003871,CRUDENCIO CRACKER CEBOLLA DULCE X 75GR,,5000,781718923019
00003870,CRUDENCIO CRACKERS DE ARVEJA X 150GR.,,4500,781718923026
00002057,CRUDENCIO CREPES HOJAS VERDES X 200GR.,,11500,701822744621
00000420,CRUDENCIO GRANOLA SARRACENO GERM X 210GR,S/ TACC,9500,701822744614
00003786,CRUDENCIO RAWMESAN PARMESANO X 140GR,,4200,701822746298
00004188,CUOCO PEPAS NARANJA Y CHOCO X 250GR,,4500,2344557864004
00003758,DAHI DESCREMADO DURAZNO X 190 GR.,C/ PULPA,3200,7798136870705
00003757,DAHI DESCREMADO F. DEL BOSQUE X 190 GR.,C/ PULPA,3250,7798136870682
00003756,DAHI DESCREMADO FRUTILLA X 190 GR,C/ PULPA,3250,7798136870675
00003779,DAHI YOGUR BEBIBLE ENTERO X 200GR.,BANANA,2500,7798136870248
00003940,DAHI YOGUR BEBIBLE ENTERO X 200GR.,F. BOSQUE,2500,7798136870255
00003980,DAHI YOGUR BEBIBLE ENTERO X 200GR.,VAINILLA,2500,7798136870309
00003778,DAHI YOGUR DESLACTOSADO NATURAL X 190GR.,C/ PROBIOT,3250,7798136870743
00003945,DAHI YOGUR ENTERO FRUTILLA X 190 GR,C/ PULPA,3000,7798136870613
00004128,DAHI YOGUR PROTEICO DESLACTOSADO X 190GR,VAINILLA,3500,7798136872013
00004129,DAHI YOGUR PROTEICO DESLACTOSADO X 190GR,F. ROJOS,3500,7798136872020
00003649,DAHI YOGURT DESC. MANGO&MARACUYA X 190GR,C/ PULPA,3000,7798136870729
00003648,DAHI YOGURT ESTILO GRIEGO NAT. X 190GR.,,3000,7798136870859
00003968,DAHI YOGURT ESTILO GRIEGO X 190GR.,FRAMBUESA,3500,7798136871603
00004079,DAHI YOGURT ESTILO GRIEGO X 190GR.,ARANDANOS,3500,7798136871597
00003646,DAHI YOGURT FIRME DESC. NATURAL X 190GR.,,2500,7798136870606
00003955,DAHI YOGURT FIRME DESC. VAINILLA X 190GR,,3000,7798136870583
00003647,DAHI YOGURT FIRME ENTERO NATURAL X 190GR,,2600,7798136870545
00003881,DATE CACAO POSTRE DATILES&CACAO X 130GR.,S/ AZUCAR,4000,7798377530109
00003979,DAY BY DAY ALFAJOR NEGRO PROTEICO X 60GR,DDL,3000,7798398060074
00003773,DELICEL GALLES DE MIEL X 200GR.,,3000,7798160700634
00003772,DELICEL GALLES DE NARANJA X 200GR.,,3000,7798160700580
00003603,DELICEL GALLES DE VAINILLA&CHIPS X 200GR,,3000,7798160700603
00000564,Delicel Galletitas con chips,,1780,7798160700320
00002247,DELICEL PEPAS DE BATATA X 200GR.,,3000,7798160700641
00002002,DELICEL PEPAS DE MEMBRILLO. X 200GR.,,3000,7798160700597
00000240,Delicel Premezcla bizcochuelo chocolate,,3350,7798160700023
00001182,Delicel Premezcla bizcochuelo naranja,,4150,7798160700696
00000241,Delicel Premezcla bizcochuelo vainilla,,3050,7798160700016
00000244,Delicel Premezcla ñoquis,,4800,7798160700221
00001178,DELICEL PREMEZCLA PAN INTEGRAL X 500GR.,SIN SAL,4000,7798160700566
00000243,DELICEL PREMEZCLA PAN X 500GR.,SIN SAL,4000,7798160700054
00000242,DELICEL PREMEZCLA PIZZA X 500GR.,SIN SAL,4000,7798160700030
00000239,DELICEL PREMEZCLA UNIVERSAL X 500GR.,,4000,7798160700047
00000232,Delicel Rebozador sin tacc,,3340,7798160700245
00000108,DELUXE GALLETA ARROZ BAÑADA CHOCO 115GR.,BLANCO,3500,7798301130085
00000566,DELUXE GALLETA ARROZ BAÑADA CHOCO 115GR.,NEGRO,3500,7798301130078
00000568,DELUXE GALLETA ARROZ BAÑADA CHOCO 115GR.,FRUTILLA,3500,
00000569,DELUXE GALLETA ARROZ BAÑADA CHOCO 115GR.,LIMON,3500,7798301130160
00003024,DELUXE GALLETA ARROZ BAÑADA CHOCO 115GR.,NEGRO&NARA,3500,7798301130535
00003460,DELUXE GALLETA ARROZ BAÑADA CHOCO 115GR.,DLL,3500,7798301130177
00004117,DELUXE SNACK MAIZ HORNEADO CHEDDAR 80GR.,90 KCAL,3500,7798301130115
00004118,DELUXE SNACK MAIZ HORNEADO JAMON 80GR.,,3500,7798301130108
00003605,DIAVEGAN GALLES AVENA&CHOCO&MANI X 150GR,S/ AZUCAR,3500,7798365700088
00003810,DIAVEGAN GALLES AVENA&CHOCO&MANI X 150GR,INTEGRALES,3000,7798365700026
00003811,DIAVEGAN GALLES AVENA&CHOCOCHIPS X 150GR,INTEGRALES,3000,7798365700040
00003680,DIAVEGAN GALLES AVENA&COCO X 150GR,S/ AZUCAR,3500,7798365700071
00003815,DIAVEGAN GALLES AVENA&COCO X 150GR,INTEGRALES,3000,7798365700033
00003812,DIAVEGAN GALLES AVENA&FR. SECOS X 150GR,INTEGRALES,3000,7798365700019
00003814,DIAVEGAN GALLES AVENA&FR. SECOS X 150GR,S/ AZUCAR,3500,7798365700101
00004020,DIAVEGAN GALLES AVENA&LIMON X 150GR,S/ AZUCAR,3500,7798365700057
00003813,DIAVEGAN GALLES AVENA&PASAS X 150GR,INTEGRALES,3000,7798365700064
00004083,DICOMERE AJI MOLIDO X 50GR,,1600,7793323005014
00004082,DICOMERE AJO EN POLVO X 50GR,,1200,7793323005038
00000716,DICOMERE BICARBONATO DE SODIO X 200GR.,,2000,7793323024947
00000082,DICOMERE CACAO AMARGO PURO POLVO X 200GR,,6000,7793323004802
00004085,DICOMERE CURCUMA X 50GR,,1400,7793323005052
00003771,DICOMERE H. TRIGO INTEGRAL ORG. X 1KG.,SUPERFINA,4200,7793323004253
00003383,DICOMERE HARINA DE ALMENDRAS X 750GR.,KETO,29500,7793323027115
00003355,DICOMERE HARINA DE ARROZ X 1KG,,3200,7793323004079
00001645,DICOMERE HARINA DE AVENA X 350GR.,INTEGRAL,3200,7793323024992
00000197,DICOMERE HARINA DE COCO X 200GR.,,4200,7793323004406
00002687,DICOMERE LECHE DE COCO EN POLVO X 150GR.,"RINDE 1,5L",8100,7793323024343
00004084,DICOMERE PIMENTON AHUMADO X 50GR,,1500,7793323004574
00003467,DICOMERE POLENTA ORGANICA  X 450GR.,LISTA 1m.,1500,7793323004932
00001153,DICOMERE POLVO P/ HORNEAR X 250GR.,,2400,7793323004376
00001323,DICOMERE PREMEZ. UNIV. PROTEICA X 450GR.,INTEGRAL,4500,7793323026965
00000105,DICOMERE PREMEZ. UNIVERSAL X 400GR.,C/PSILLIUM,2600,7793323024862
00004081,DICOMERE PROVENZAL X 50GR.,,1400,7793323004222
00000777,DICOMERE PSYLLIUM HUSK POLVO X 100G.,,7000,7793323024299
00000186,DICOMERE REBOZADOR DE ARROZ X 450GR.,,2900,7793323024893
00004080,DICOMERE SOJA TEXTURIZADA 350GR.,RINDE 1KG,1700,7793323004789
00003877,DOÑA DOMINGA FUSILLI ORGANICO X 400GR.,INTEGRAL,4750,7798325440085
00004100,DOÑA MAGDALENA ALFAJOR DDL X 60GR,S/AZUCAR,2500,7798054490801
00000769,DOÑA MAGDALENA D. DE LECHE X 400GR.,C/STEVIA,7600,7798054490603
00003370,DOÑA MAGDALENA DLL 0% LACTOSA X 450GR.,,6600,7798054491228
00000770,DOÑA MAGDALENA DLL C/ STEVIA X 400GR.,S/FRUCTOSA,8000,7798054490757
00000773,DOÑA MAGDALENA DLL DE COCO X 360GR.,,8500,7798054490986
00003858,DOÑA MAGDALENA TABLETA DE DLL X 25 GR.,54 KCAL.,1500,77946386
00003985,DOÑA PACHA PREMEZ. TORTA VAINILLA X 350G,S/TACC,5500,7798169900257
00003986,DOÑA PACHA PREMEZCLA BROWNIE X 500GR.,S/TACC,6500,7798169900271
00003984,DOÑA PACHA PREMEZCLA CHIPA X 400GR,S/TACC,5300,7798169900684
00003987,DOÑA PACHA PREMEZCLA PIZZA X 500GR.,S/TACC,5500,7798169900288
00000740,DR CACAO PURO 100% X 50GR.,,13500,606110439794
00003684,DULRI STEVIA EN POLVO X 25GR,50 SOBRES,3000,7798014465580
00001109,DULRI STEVIA LIQUIDA X 120ML.,,5500,7798014465429
00004016,DURANG ACEITUNAS RELLENAS MORRONX 330GR.,,5000,7798073725427
00004012,DURANGA ACEITUNAS DESCAROZADAS X 330GR.,,4000,7798073725687
00003797,EL BROCAL DIETETICA ARANDANOS X 220GR.,97% FRUTA,7000,7798088960462
00003613,EL BROCAL DIETETICA DURAZNO X 220GR.,97% FRUTA,6600,7798088960479
00003612,EL BROCAL DIETETICA FRUTOS ROJOS X 220GR,97% FRUTA,7000,7798088960486
00002128,EL BROCAL LIGHT CIRUELA X 400GR.,60% FRUTA,7300,7798088960349
00002130,EL BROCAL LIGHT DURAZNO X 400GR.,60% FRUTA,7300,7798088960332
00002127,EL BROCAL LIGHT FRUTILLA X 400GR.,60% FRUTA,9200,7798088960325
00002129,EL BROCAL LIGHT FRUTOS ROJOS X 400GR,60% FRUTA,10000,7798088960370
00002125,EL BROCAL LIGHT NARANJA X 400GR.,60% FRUTA,7300,7798088960356
00003796,EL BROCAL LIGHT PERA X 400GR.,60% FRUTA,7300,7798088960431
00003611,EL BROCAL MIEL X 500GR.,TRADICIONA,7200,7798088960400
00001158,EL CASTILLO EXTRACTO VAINILLA X 100CM,NATURAL,8500,7795258000737
00000724,EL COLONO FIDEOS DE ESPINACA X 300GR.,,3500,763571861172
00003873,EL COLONO FIDEOS DE HUEVO X 300GR.,,3500,763571861110
00000723,EL COLONO FIDEOS DE MORRON X 300GR.,,3500,763571861141
00003875,EL COLONO FUSILLI DE ESPINACA X 300GR.,,3500,763571861240
00003874,EL COLONO FUSILLI DE HUEVO X 300GR.,,3500,763571861202
00003876,EL COLONO FUSILLI DE MORRON X 300GR.,,3500,763571861233
00002235,EL PEONCITO H. DE COCO ORGANICA X 1KG.,,13000,7791351144569
00003934,EL PEONCITO H. PROTEICA F. SECOS X 500GR,9GR EN 50G,15000,7791351145733
00003933,EL PEONCITO HARINA DE COCO S/ TACC X 1KG,,11000,7791351142480
00003904,EL PEREGRINO BAGUETTE MULTISEM. X 800GR.,100% INT.,5000,PEREMULTI
00003902,EL PEREGRINO PAN MOLDE 100% INT. X 650GR,,5000,PEREMOLDESAL
00003903,EL PEREGRINO PAN MOLDE 100% INT. X 650GR,S/ SAL,5000,PEREMOLDESIN
00004087,ENTRENUTS ACEITE DE COCO NEUTRO X 1000CC,,20000,7798446310045
00000324,ENTRENUTS ACEITE DE COCO NEUTRO X 360CC,,7000,656750783931
00004086,ENTRENUTS ACEITE DE COCO NEUTRO X 500CC,,10000,7798446310038
00003304,ENTRENUTS ACEITE DE COCO VIRGEN X 200CC,,8600,763571722428
00000017,ENTRENUTS MANTECA CLARIFICADA X 300GR.,GHEE,14000,656750783948
00003127,ENTRENUTS PASTA DE MANI NATURAL X 370GR.,,3400,736684208707
00003966,ENTRENUTS PASTA DE MANI PROTEICA X 370GR,CARAMEL,4500,7798446310083
00001173,ESTANCIA LOS NARANJOS LIMONADA X 500ML.,,2500,707273376091
00001171,ESTANCIA LOS NARANJOS NAR&DURAZ X 500ML.,,2500,707273376145
00003634,ESTANCIA LOS NARANJOS NAR&FRUTI X 500ML.,,2500,707273375988
00003633,ESTANCIA LOS NARANJOS NARANJA X 500ML.,,2500,
00003935,ESTERILLA DE BAMBU PLANA 27X27CM,,6500,2025012159872
00003652,FELICES L.V. CHICKEVIL PARTY 2UN X 160GR,,3500,763571648506
00003341,FELICES L.V. COCURT X 300GR.,,4000,727373107166
00000183,FELICES L.V. CREMOSO X 250GR.,DERRITE!,3800,763571697221
00001390,FELICES L.V. DANBO FETEADO X 150GR.,,3000,763571763650
00001392,FELICES L.V. HEBRAS MIX QUESOS X 150GR.,,3700,714604075783
00001391,FELICES L.V. HEBRAS REGGIANITO X 150GR.,,3700,714604075776
00001393,FELICES L.V. HUMMUS GARBANZO X 220GR.,,2600,76625280103
00003119,FELICES L.V. JAMON FETEADO X 150GR.,,5000,727373025675
00002587,FELICES L.V. JOGURTTI X 170GR.,FRUTILLA,2200,790757919198
00002596,FELICES L.V. JOGURTTI X 170GR.,VAINILLA,2000,763571663615
00003653,FELICES L.V. KARNEVIL PARTY 2U. X 160GR.,,3000,763571648513
00003199,FELICES L.V. LE CHOC X 48GR.,,1700,76625288185
00004107,FELICES L.V. MILA DE CARNE 2UN. X 230GR.,26GR. PROT,5000,724751014108
00003651,FELICES L.V. MILA DE POLLO 2UN. X 230GR.,26GR. PROT,5000,724751014092
00001660,FELICES L.V. MUZZALMENDRA X 250GR.,GRATINA!,4000,763571697214
00003695,FELICES L.V. NUGGETS X 300GR.,,6300,724751007674
00001386,FELICES L.V. QUESO CREMOSO X500G.,DERRITE!,7800,656750732656
00001383,FELICES L.V. QUESO FANTASTIQUE X 200G.,,3200,656750747926
00002021,FELICES L.V. UNT. DE ALMENDRA X 200GR.,CLASICO,2900,76625251271
00003650,FELICES L.V. UNT. DE ALMENDRA X 200GR.,CHEDDAR,2750,76625282732
00004029,FELICES L.V. VEGANESA X 200G.,,2500,758890934539
00001486,FELICES L.V. YOGUR COLCHON FRUTA X 125GR,FRU BOSQUE,2000,727373157819
00004007,FRAMS SOPA DE CHOCLO INSTANTANEA X 50GR.,,4000,7798067050504
00004006,FRAMS SOPA DE VERDURA INSTANTANEA X 50GR,,4000,7798067050566
00004008,FRAMS SOPA ESPARRAGOS INSTANTANEA X 50GR,,4000,7798067050474
00003965,FRUCH CROCANTE MANZANA X 25G,,2800,7798418980047
00003804,FRUGGINA JUGO 100% MANZANA X 250ML.,,2000,7798324540038
00003802,FRUGGINA JUGO 100% MANZANA X 500ML.,,3000,7798324540083
00003800,FRUGGINA JUGO 100% MANZANA X 910ML.,,4500,7798324540069
00003803,FRUGGINA JUGO 100% PERA X 250ML.,,2000,7798324540045
00003801,FRUGGINA JUGO 100% PERA X 500ML.,,3000,7798324540076
00003799,FRUGGINA JUGO 100% PERA X 910ML.,,4500,7798324540052
00003932,FRUTTY BARRA DE FRUTA FRUTI&MANZ X 30GR.,,1750,7792280006188
00004104,FRUTTY BARRA DE FRUTA MANZ&BANANA X 30GR,,1750,7792280006201
00003867,FRUTTY BARRA DE FRUTA MANZANA X 30GR.,,1750,7792280006164
00000668,FRUTTY MANZANA CROCANTE X 18GR.,S/AZUCAR,1000,7792280005853
00004166,GALLETA DE LA FORTUNA X 1 UNIDAD,,1000,
00004167,GALLETA DE LA FORTUNA X 2 UNIDADES,,1500,4167
00004168,GALLETA DE LA FORTUNA X 3 UNIDADES,,2000,4168
00004031,GO NATURAL GRANOLA BERRIES X 290GR.,,7500,7790524324357
00004030,GO NATURAL GRANOLA CRUNCH! X 290GR.,,5000,7790524324364
00004032,GO NATURAL GRANOLA SEEDS&NUTS X 290GR,,6500,7790524324340
00000029,GOD BLESS YOU ACEITE COCO NEUTRO X 500ML,,14100,7798318380060
00000028,GOD BLESS YOU ACEITE COCO NEUTROX225ML,,8300,7798318380077
00000025,GOD BLESS YOU ACEITE COCO VIRGEN X 500ML,,25900,7798318380022
00000026,GOD BLESS YOU ACEITE COCO VIRGEN X1000ML,,49000,7798318380015
00000024,GOD BLESS YOU ACEITE COCO VIRGEN X225ML,,13600,7798318380039
00001112,GOD BLESS YOU AZUCAR FLOR DE COCO 250GR.,S/TACC,12500,7798318380145
00004035,GOOD BAR FRUTILLA & HIBISCUS X 30G,,2500,7798470450038
00001066,GOOD BAR MATCHA & COCO X 30G.,,2500,7798470451011
00004186,GRANGER CUPCAKES PROTEICOS CACAO X 360GR,15GR PROTE,16000,7798456650148
00003891,GRANGER GALLES PROTE. AVENA&MANI X 220GR,S/TACC,8000,7798456650094
00000344,GRANGER PANCAKES KETO CHOCOLATE X 200GR.,LISTO 5m,12000,7798456650025
00003463,GRANGER PANCAKES KETO VAINILLA X 200GR.,LISTO 5m.,12000,7798456650179
00004074,GRANGER PANCAKES PROTE. CHOCO X 400GR,LISTO 3min,15000,7798456650131
00002020,GRANGER PANCAKES PROTE. VAINILLA X 400GR,LISTO 3min,15000,7798456650124
00003476,GRANGER PANCAKES PROTEICOS CHOCO VEGANO,LISTO 5m,15000,7798456650377
00003931,GRANGER PROTEINA DE ARVEJA X 453GR.,PLANT B.,20000,7798456650339
00003760,GRANO PAMPA GARBANZOS X 600 GR.,,3600,7798398811157
00003766,GRANO PAMPA HARINA DE ARVEJAS X 500GR.,,3000,7798398811096
00003763,GRANO PAMPA HARINA DE GARBANZOS X 500GR.,,3500,7798398811089
00003762,GRANO PAMPA HARINA DE LENTEJAS X 500GR.,,4500,7798398811102
00000500,GRANO PAMPA LENTEJAS X 600 GR.,,3500,7798398811140
00003765,GRANO PAMPA LENTEJON X 600GR.,,3500,7798398811164
00003761,GRANO PAMPA POROTO ALUBIA X 600 GR.,,4000,7798398811126
00003759,GRANO PAMPA PROTO NEGRO X 600 GR.,,3500,7798398811119
00003673,GRANOLATE BARRITA BERRIES X 45GR,,2500,7798350520059
00003672,GRANOLATE BARRITA CAPUCHINO X 45GR,,2500,7798350520035
00003671,GRANOLATE BARRITA COCO&ARANDANOS X 45GR,,2500,7798350520028
00003670,GRANOLATE BARRITA CREMA AVELLANAS X 45GR,,2500,7798350520042
00003674,GRANOLATE BARRITA MANZANA&CAJU X 45GR,,2500,7798350520073
00003668,GRANOLATE ENERGY BALL CACAO&CAJU X 30GR,S/HARINAS,3000,7798350520110
00003669,GRANOLATE ENERGY BALL CHOCO&MENTA X 30GR,S/HARINAS,3000,7798350520127
00003654,GRANOLATE ENERGY BALL COCO&NUEZ X 30GR,S/HARINAS,3000,7798350520103
00000683,GRANOLATE MEGA KIDS X 48GR,,2500,7798350520141
00002388,GRAPIA MILENARIA CON PALO X 500GR.,AGROECOLOG,4500,7798151510044
00004077,GRAPIA MILENARIA DESPALADA X 500GR.,AGROECOLOG,6600,714604478362
00001650,GREEN CROPS ARVEJAS AL DIJON X 45GR.,HORNEADOS,1800,7798228640919
00001579,GREEN CROPS HONGOS & PIMI. NEGRA X 45GR.,HORNEADOS,1800,7798228640896
00001269,GREEN CROPS PALTA Y LIMÒN X 45GR.,HORNEADOS,1800,7798228641220
00000498,GREEN CROPS PAPINES C/NUEZ MOZC. X 45GR.,HORNEADOS,1800,7798228641237
00001578,GREEN CROPS TOMATE & PAPRIKA X 45GR.,HORNEADOS,1800,7798228640902
00001267,GREEN CROPS ZANAHORIA TERIYAKI X 45GR.,HORNEADOS,1800,7798228641190
00004071,GRUN GRISINES DE CHIA Y LINO X 145GR,,3000,7798015440074
00003693,GUERRERO JUGO AVE MARIA BLANCO X 750ML.,DULCE NAT.,7500,JUGOAVE
00003692,GUERRERO VINO AVE MARIA BLANCO X 750ML.,DULCE NAT.,7500,VINOAVEDULCE
00003694,GUERRERO VINO LADRONZUELO X 750ML.,ROSADO DUL,7500,LADRON
00003691,GUERRERO VINO LAMBRUSCO MAESTRI X 750ML.,ORGANICO,7500,MAESTRI
00003689,GUERRERO VINO LOS TERITOS ORG. X 750ML.,C. FRANC,7500,TERITOSFRANC
00003690,GUERRERO VINO LOS TERITOS ORG. X 750ML.,MALBEC,7500,TERITOSMALBEC
00003540,GULLON GALLETITAS VAINILLA X 200GR.,S/ TACC,6400,8410376017359
00003667,GULLON OBLEAS DE VAINILLA X 60GR,BAJA C.G.,2200,8410376017687
00003678,HANKS`S POCHOCLOS CLASICO X 49GR.,,2500,763571706305
00003675,HANKS`S POCHOCLOS SABORIZADOS X 104GR.,CHOCOLATE,2500,763571706640
00003677,HANKS`S POCHOCLOS SABORIZADOS X 104GR.,COCO,2500,763571706312
00003676,HANKS`S POCHOCLOS SABORIZADOS X 112GR.,MANI,2500,763571706657
00003899,HAPPY FOOD ALFAJOR DE DDL X 50G.,S/ AZUCAR,2500,7798308250113
00003782,HAPPY FOOD GALLES NARANJA X 120GR,S/ TACC,3000,7798308250311
00003868,HAPPY FOOD GALLES NARANJA X 44GR.,,1500,7798308250205
00003893,HAPPY FOOD GALLES PERA&CANELA X 120GR.,S/ TACC,3250,7798308250335
00004105,HAPPY FOOD TALITAS CLASICAS X 100GR,,3000,7798308250410
00003783,HAPPY FOODS ALFAJOR PASTA DE MANI X 50GR,,2000,7798308250021
00003973,HAPPY FOODS BOCADITO DE DLL X 40GR.,S/ AZUCAR,2000,7798308250144
00004040,HARINA INT. DE TRIGO SARRACENO X 1KG.,FIBRAS,8000,7798363080021
00003920,HAULANI MADURADO CAJU AHUMADO X 150GR,S/ TACC,8000,7798338250107
00001381,HAULANI MADURADO CAJU F. HIERBAS X 150GR,S/ TACC,8000,7798338250091
00000883,HEREDIA MONOHIERBAS SURT. X 20 SAQ.,4 SABORES,4500,7798003740681
00000886,HEREDIA TE NOCHE X 25 SAQ.,,5500,7798003740261
00000887,HEREDIA TE PASSION CHAI X 25 SAQ.,,4600,7798003740360
00000878,HEREDIA TE VERDE X 25 SAQ.,,4100,7798003740285
00001026,HIERBAS SILVESTRES YERBA SUAVE X 500GR,Nº 1,4000,7798073135530
00002669,HIERBAS SILVESTRES YERBA VITALIS X 500GR,Nº 3,4000,7798073135554
00004185,HOMEMADE GRANOLA CEREAL CRUNCH X 800GR.,S/AZUCAR,17000,754697476494
00001306,IL CUOCO PEPAS ALGARROBA&AVENA X 250GR.,MEMBRILLO,4500,122334467899
00001567,INKANATUN MACA NEGRA EN POLVO X 150GR.,,2500,7753090000025
00003960,INTEGRA BARRA CHOCOLATE&AVELLANAS X 41GR,,2500,7798343751651
00003906,INTEGRA BARRA CHOCOLATE&BANANA&DLL 41GR,,2500,7798343751675
00003905,INTEGRA BARRA CHOCOLATE&P. DE MANI 41GR.,,2500,7798343751699
00004034,INTEGRA BARRA DOBLE CHOCOLATE X 41GR,,2500,7798343751682
00004047,INTEGRA BARRA PROTEICA BANANA X 45GR,15GR. PROT,2500,7798343751538
00000912,INTEGRA BARRA PROTEICA MANI&CHOCO X 45GR,15GR. PROT,2500,7798343751422
00000697,INTEGRA BARRITA MANI&ARANDANOS X 41GR,VEGANA,2000,7798343751071
00000694,INTEGRA BARRITA SEMILLA&CHOCOLATE X 38GR,S/TACC,2000,7798343751057
00002940,INTEGRA BARRITA SEMILLAS&ARANDANO X 38GR,S/TACC,2000,7798343751040
00001379,INTEGRA GALLETITAS CACAO&CHOCO X 200GR.,,3700,7798343751521
00003378,INTEGRA GALLETITAS CHIA&ARANDANO X 200GR,,3700,7798343751514
00003379,INTEGRA GALLETITAS MANI&ALMENDRA X 200GR,,3700,7798343751507
00000438,INTEGRA GRANOLA ALMENDRA&ARAND. X 250GR,S/ TACC,9000,7798343751095
00000435,INTEGRA GRANOLA ALMENDRA&CAJU&ARAN X 1KG,,23000,7798343751125
00001635,INTEGRA GRANOLA BANANA&CHOCO X 250GR.,PROTEICA,9000,7798343751545
00000437,INTEGRA GRANOLA CHOCO&CACAO X 1KG.,,23000,7798343751101
00001636,INTEGRA GRANOLA PASTA DE MANI X 250GR.,PROTEICA,9000,7798343751552
00004146,INTEGRA GRANOLA XL BANANA&CHOCO X 700GR.,PROTEICA,22000,7798343752009
00004147,INTEGRA GRANOLA XL PASTA DE MANI X 700GR,PROTEICA,22000,7798343752016
00004075,INTI SAKURA SEXY ROSE X 10 SAQUITOS,,7000,7798104308247
00003914,INTIZEN HOJAS DE CEDRON ORGANICO X 17GR.,,4500,INTICEDRON
00000949,INTIZEN TE NEGRO HEBRAS ORGANICO X 80GR.,,4500,7798104308490
00000948,INTIZEN TE VERDE HEBRAS ORGANICO X 80GR.,,4500,7798104308506
00003887,IOGO YOG. COCO C/ GRANOLA X 160GR.,S/ AZUCAR,4000,7798338250213
00004061,JASMINE WRAP CHIA & LINO X 6 UNI,,9500,7896283007439
00001355,JASMINE WRAP TRADICIONAL X 6UN.,,9500,7896283007309
00001029,JESPER YERBA MATE TRADICIONAL X 500GR.,C/ PALO,3500,7798185200287
00001028,JESPER YERBA ORGANICA X 500GR,,6300,7798185200478
00001116,JUAL STEVIA LIQUIDA X 250 ML.,,6500,7798143230271
00001117,JUAL STEVIA LIQUIDA X 600ML.,,14000,7798143230288
00001115,JUAL STEVIA LIQUIDO X 125ML.,,4250,7798143230264
00003879,JUAN GRANDE QUESO CREMOSO ART. X 500GR,S/ TACC,11500,632829858625
00001033,KALENA YERBA MATE SUAVE X 500GR.,DESPALADA,5800,7791312000392
00001032,KALENA YERBA MATE TRADICIONAL X 500GR.,C/ PALO,4800,7791312000224
00001489,KALLPA MACA PERUANA X 500GR.,,3000,3235636355232
00003780,KAMAR HUMMUS CLASICO X 230GR.,S/ TACC,3750,7798383010121
00004096,KAY QUESO COTAGGE X 400GR.,,15000,7798432770099
00004095,KAY QUESO COTTAGE X 250GR.,,11000,7798432770082
00001356,KAY YOGUR GRIEGO X 170GR.,S/ TACC,6800,7798432770013
00001357,KAY YOGUR GRIEGO X 400GR.,S/ TACC,16000,7798432770020
00000701,KI-BAR BARRA PROTEICA S/ AZUCAR X 40GR.,CACAO,2000,7798138853294
00000702,KI-BAR BARRA PROTEICA S/ AZUCAR X 40GR.,VAINILLA,2000,7798138853287
00002187,KI-BAR BARRA PROTEICA S/ AZUCAR X 40GR.,F. ROJOS,2000,7798138853928
00003944,KI-BAR BARRA PROTEICA S/ AZUCAR X 40GR.,MANZANA,2000,7798138853317
00002855,KIT VIVIR SUPLEM. SEM+ALGAS X 230GR.,DETOX,20000,7798144410160
00002056,KYROS BABAGANUSH X 230GR.,,6500,7798334803482
00003901,KYROS HUMMUS AJO AHUMADO X 230GR.,S/ TACC,4250,7798334803208
00001395,KYROS HUMMUS C/ ACEITE OLIVA X 230GR.,S/ TACC,4250,7798334803109
00001394,KYROS HUMMUS CLASICO X 230GR.,S/ TACC,4250,7798334803123
00003805,KYROS HUMMUS DE REMOLACHA X 230GR.,S/ TACC,4250,7798334803475
00003898,LA CHOZA CREMA CULTIVADA X 350ML,S/ TACC,9500,7798328480514
00000877,LA CHOZA DULCE DE LECHE X 470GR.,,10500,7798328480569
00003900,LA CHOZA ENVASES RETORNABLES,,800,ENVASECHOZA
00001455,LA CHOZA LECHE ENTERA X 1LT.,,4500,7798328480019
00002448,LA CHOZA LECHE X 500 ML.,,3000,7798328480453
00004050,LA CHOZA MANTECA X 1KG.,,45000,7798328480095
00002506,LA CHOZA MANTECA X 250GR.,,14000,7798328480446
00002201,LA CHOZA QUESO CREMA X 350GR.,S/ SAL,9500,7798328480439
00004051,LA CHOZA QUESO FYNBO X 250GR,,12000,7798328480101
00003254,LA CHOZA QUESO PORT SALUT X 400/480GR,,13000,
00003967,LA CHOZA QUESO REGGIANITO X 550GR,,21500,7798328480545
00003894,LA CHOZA QUESO SARDO X 500GR,S/ TACC,19000,7798328480521
00002507,LA CHOZA RICOTA X 500GR.,S/ TACC,9000,7798328480538
00001461,LA CHOZA YOGUR DESCREM. NATURAL X 500GR.,,6500,7798328480347
00001456,LA CHOZA YOGUR DESCREMADO NATURAL X 1KG.,,10500,7798328480040
00001457,LA CHOZA YOGUR ENT. BEBIBLE X 1KG,VAINILLA,11500,7798328480064
00001462,LA CHOZA YOGUR ENT. BEBIBLE X 500GR,VAINILLA,7000,7798328480316
00002240,LA CHOZA YOGUR ENTERO DURAZNO X 500ML.,,7000,7798328480378
00001463,LA CHOZA YOGUR ENTERO FRUTILLA X 500GR,,7000,7798328480361
00001464,La Choza Yogur entero mora x 500,,7000,7798328480330
00002062,LA CHOZA YOGUR ENTERO NATURAL X 1KG,,10500,7798328480033
00002038,LA CHOZA YOGUR ENTERO NATURAL X 500GR.,,7000,7798328480323
00002064,LA CHOZA YOGUR FRUTOS DEL BOSQUE X 1KG.,DESCREMADO,12000,7798328480057
00002061,LA CHOZA YOGUR FRUTOS DEL BOSQUE X 500GR,DESCREMADO,7000,7798328480309
00003896,LA CHOZA YOGUR GRIEGO X 350GR,,10500,7798328480552
00003897,LA CHOZA YOGUR SAUCO&ARAND. X 1KG,ENTERO,12000,7798328480460
00003895,LA CHOZA YOGUR SAUCO&ARANDANDOS X 500GR,DESCREMADO,7000,7798328480484
00001458,LA CHOZA YOGURT ENTERO FRUTILLA X 1KG,,12000,7798328480071
00003862,LA RESERVA MIEL CRUDA C/ PICO X 500GR.,,6000,763571814192
00004003,LA ZARANDA PAN INTEGRAL C/SALVADO X500G.,S/SAL,4000,7798152750470
00004002,LA ZARANDA PAN INTEGRAL MULTICEREAL X500,S/SAL,4500,7798152750333
00000708,LADDUBAR ARANDANOS X 30GR,RAW VEGAN,1500,8904150127483
00000706,LADDUBAR BROWNIE X 30GR,RAW VEGAN,1500,8906038788601
00000709,LADDUBAR FRUTOS ROJOS X 30GR,RAW VEGAN,1500,8904150127438
00000814,LAS QUINAS DULCE DE LECHE STEVIA X 454GR,S/ AZUCAR,9000,7798127672240
00000810,LAS QUINAS MERMELADA F.ROJOS X 400GR,S/AZUCAR,9000,7798127670437
00001138,LAS QUINAS MIEL CREMOSA X 500GR.,ORGANICA,9000,7798127670260
00003954,LAUR ACEITE OLIVA EXTRA VIRGEN X 1LT.,,32500,7798159942533
00000038,LAUR ACEITE OLIVA EXTRA VIRGEN X 250ML.,,9500,7798090730299
00003923,LAUR ACEITE OLIVA EXTRA VIRGEN X 30ML,,1500,7798159942656
00000037,LAUR ACEITE OLIVA EXTRA VIRGEN X 500ML,,17000,7798090730725
00004154,LEE KUM KEE SALSA DE OSTRAS X 255GR.,,12500,78895300017
00004161,LEE KUM KEE SALSA SOJA C/HONGOS X 500ML.,,12000,78895128895
00004151,LEE KUM KEE SALSA SOJA PREMIUM X 500ML.,,11000,78895126396
00004162,LEE KUM KEE SALSA TERIYAKI X 250GR,,14000,78895120509
00003475,LENNY¨S PITACHIPS ZAPALLO X 150 GR.,,3500,7794906040354
00004125,LENNY´S CRACKERS MULTICEREAL X 100 GR,,3200,7798181511509
00004126,LENNY´S CRACKERS SAL MARINA X 100 GR,,3100,7798181511516
00004127,LENNY´S CRACKERS SESAMO NEGRO X 100 GR,,3100,7798181511523
00003473,LENNY´S PITA CHIPS SAL MARINA X 150 GR,,3500,7794906040378
00003474,LENNY´S PITACHIPS Q.CREMA Y CEBOLLA X150,,3500,7794906040361
00001160,LEVEX LEVADURA DE CERV. P/ PAN X 20GR.,,1200,7798018850184
00001459,LIMBUS COOKIES ARANDANOS&DATILES X 160GR,,2500,7798387360062
00003191,LIMBUS COOKIES LIMON&JENGIBRE X 150GR.,,3000,7798387360048
00003579,MACROBIOTICA GALLE ARROZ YAMANI X 102GR.,S/ SAL,1500,7790538010338
00003588,MACROBIOTICAS GALLE ARROZ YAMANI X 102GR,DULCES,1500,7790538009615
00000157,MACROZEN SAL MARINA FINA X 500GR.,,2500,7798146450096
00000158,MACROZEN SAL MARINA GRUESA X 500GR.,,2500,7798146450102
00003789,MANTEQUILLA DE MANI PROTEICA X 220GR,VAINILLA,5700,723540583443
00004025,MAPSA CHOCO 70% COBERTURA X 500GR.,,30000,7798100464305
00004026,MAPSA CHOCOLATE MOLDEAR&BAÑAR X 500GR,,20000,7798100464251
00004027,MAPSA CHOCOLATE SEMIAMARGO X 500GR.,MOLDEO,11000,7798100464138
00004028,MAPSA GOTITAS CHOCO SEMIAMARGO X 500GR.,P/ HORNEAR,15000,7798100463957
00003989,MARLOM´S POCHOCLOS CARAMEL X 60G.,,2500,7798031470925
00003988,MARLOM´S POCHOCLOS DULCES X 60G.,VAINILLA,2000,7798031470918
00003208,MATE & CO TOPPING COCOA X 90GR.,,8000,7798312360563
00003207,MATE & CO TOPPING GINGER MINT X 75GR.,,8000,7798312360556
00001796,MATE & CO TOPPING RED LOVE X 90GR.,,8000,7798312360525
00001209,MATE & CO. BAGS DEGUSTACION X 20 SAQ.,,5500,7798312360846
00003625,MATE & CO. YERBA GINGER MATE X 250GR.,S/ PALO,11000,7798312360815
00001050,MATE & CO. YERBA MATE CHAI X 250GR.,S/ PALO,11000,7798312360761
00003624,MATE & CO. YERBA MATE X 500GR.,C/ PALO,8000,7798312360365
00001048,MATE & CO. YERBA TROPICAL COCO X 250GR.,S/ PALO,11000,7798312360839
00003687,MELTAIM GALLE LIMON&F. ROJOS X 150GR.,INTEGRALES,3000,754697550194
00003686,MELTAIM GALLE VAINILLA&CHOCO CHIP 150GR.,INTEGRALES,3000,754697550170
00003661,MERLIN BARRITA AVENA X 35GR.,S/ AZUCAR,1700,730170648565
00002926,MERLIN BARRITA CAFE PROTEICA 16G X 55GR.,S/ AZUCAR,3000,730170648602
00001720,MERLIN BARRITA CHOCO PROTEICA 16G X 55GR,S/ AZUCAR,3000,730170648619
00003908,MERLIN BARRITA CHOCO&NARANJA X 45GR.,S/ AZUCAR,2500,677144900017
00003907,MERLIN BARRITA CREMA DE LIMON X 45GR.,S/ AZUCAR,2500,677144899991
00001719,MERLIN BARRITA DATILES & COCO X 35GR.,S/ AZUCAR,1700,730170648596
00003660,MERLIN BARRITA MANZANA CRISPY X 35GR.,S/ AZUCAR,1700,730170648626
00001718,MERLIN BARRITA NATURAL X 35GR.,S/ AZUCAR,1700,730170648589
00003869,MERLIN POCHOCLO PROTEICO 12GR X 58GR.,S/ AZUCAR,3000,677144900000
00003628,MESTIZO HUMMUS C/ACEITUN Y ROMERO X175GR,,5000,7798382930208
00003626,MESTIZO HUMMUS C/AJO NEGRO X 175GR,,5000,7798382930024
00003795,MESTIZO HUMMUS C/T. SECO&ALBAHACA 175GR.,,5000,7798382930123
00003794,MESTIZO HUMMUS CLASICO X 175GR.,,5000,7798382930017
00003627,MESTIZO TAHINI PASTA DE SESAMO  X 180GR,,8000,7798382930062
00002163,MIEL CON CARPINCHO X 150CC,,3500,
00002585,MIEL CON CARPINCHO X 300CC,,5000,CARPINCHO
00003991,MIELERO DE PLASTICO,,2000,MIELERO
00000051,MILLAN ACETO BALSAMICO ESPESO X 250ML,,7500,7798159944902
00003922,MILLAN ACETO BALSAMICO ESPESO X 30ML,,1500,7798159949310
00000556,MINI ARROCITAS CARAMEL X 53GR,,1900,7790538000582
00000557,MINI ARROCITAS FINAS HIERBAS X 53GR.,,2000,7790538010406
00003685,MINI ARROCITAS QUESO ROMANO X 53GR.,,2000,7790538010413
00004143,MODELIFE CITRATO DE MAGNESIO X10 COMP.,,3500,MODECITRATOMAG
00004144,MODELIFE GINSENG KOREANO X 10 CAPS.,,4500,MODEGINSENG
00002803,MOLE ARROZ AL CURRY X 200GR.,S/ SAL,3750,7798334587009
00000166,MOLE CALDO DE VERDURAS X 130GR.,S/ SAL,6500,7798334587184
00003957,MOLE COLAGENO HIDROLIZADO X 400GR.,,40000,7798334587887
00002108,MOLE CREATINA MONO MICRONIZADA X 450GR.,100% PURA,35000,7798334587795
00004106,MOLE GRANOLA PROTEICA F. ROJOS X 400GR.,13GR. PROT,15000,7798334587764
00003938,MOLE GUISO DE LENTEJAS X 200GR.,PLANT B.,4000,7798334587016
00003958,MOLE MAGNESIO + VIT. C X 120GR.,,13600,7798334587825
00003865,MOLE POLVO ISOTONICO X 300GR.,S/ AZUCAR,20000,7798334587818
00003911,MOLE REBOZADOR TODO EN 1 X 250GR.,S/ SAL,5500,7798334587191
00003913,MOLE RISOTTO AL PESTO X 200GR.,S/ SAL,3750,7798334587078
00003912,MOLE RISOTTO NAPOLITANO X 200GR.,S/ SAL,3750,7798334587061
00003320,MOLE SOPA ENERGETICA X 150GR.,S/ SAL,3750,7798334587054
00002514,MOLE SOPA THAI COCO&JENGIBRE X 85GR.,S/ SAL,3750,7798334587092
00002798,MOLE YAMANI PRIMAVERA X 200GR.,S/ SAL,3750,7798334587047
00002515,MOLES RISOTTO DE HONGOS X 200GR.,S/ SAL,4000,7798334587030
00000434,MOLINO PIEDRA REBOZAR GARBANZO X 500GR.,23GR. PROT,3100,7798407950129
00000713,MUECAS BARRITA MANZANA&ARANDANOS X 45GR,,1500,7798333090043
00000714,MUECAS BARRITA PASAS&ARANDANOS X 45GR,,1800,7798333090142
00003769,MUY SABRORICAS PASCUALINA CRIOLLA X 2UN.,VEGANO,4000,7798186240077
00003770,MUY SABRORICAS PASCUALINA SALVADO X 2UN.,VEGANO,4000,7798186240060
00003767,MUY SABRORICAS SUPER ROTI X 12UN.,VEGANA,3500,7798186240053
00003768,MUY SABRORICAS TAPA PARA PASTA X 48UN.,VEGANO,2800,7798186240046
00002331,NACCATO ALGAS YAKI NORI X UN.,,600,2331
00004169,NACCATO MISO AKA X 1KG.,,12000,6954132821078
00000076,NACCATO PANKO X 300GR.,,4500,720665956534
00004153,NACCATO SALSA DE OSTRAS X 340ML.,,8500,6923291137467
00004152,NACCATO SALSA TERIYAKI X 455ML.,,11500,6923291137498
00002010,NATUMENTOS CARAMELOS MIEL&JENGIBRE X UN.,,200,CARAMIELJEN
00002009,NATUMENTOS CARAMELOS MIEL&MENTA X UN.,,200,CARAMIMEN
00004052,NATUMENTOS CARAMELOS MIEL&PROPOLEO X UN.,,200,CARAMIPRO
00000248,NATURAL POP PREMEZCLA FAINA X 210GR.,S/ SAL,2000,7798370550142
00000124,NATURAL SEED RAWMESAN QUESO VEG. X 150GR,S/TACC,6000,7798180790172
00004141,NATUREL MERMELADA DE BATATA X 400 GR.,,6600,7798165760046
00004142,NATUREL MERMELADA DE MANZANA X 400 GR.,,6600,7798165760152
00003498,NATUZEN PEPAS C/ DULCE MEMB. X 200GR.,,2000,7798082001000
00003481,NINA CRANBERRY GALLE DE VAINILLA X 120GR,C/ARANDANO,2700,76625246093
00003483,NINA LEMON&GINGER GALLE LIMON X 120GR.,,3250,723540525955
00000833,NINA`S MANTEQUILLA MANI NATURAL X 380GR.,,4000,7798347170014
00004022,NOBLE APICULTOR PROPOLEO FUERTE X 500CM,+VIT C Y A,30000,7798121270480
00004023,NOBLE APICULTOR PROPOLEO X 50 CAPSULAS,,16500,7798121271074
00004049,NOMA YOGUR SKYR CAFE&VAINILLA X 250GR,25GR. PROT,7600,7798470370039
00004059,NOMA YOGUR SKYR CHOCO&VAINILLA X 250GR,25GR. PROT,7600,7798470370022
00004048,NOMA YOGUR SKYR NATURAL 250GR.,25GR PROT.,7600,7798470370015
00003609,NUESTROS SABORES BATATAS C/MERKEN X 80GR,,1600,7798171732860
00000659,NUESTROS SABORES BATATAS X 80GR.,C/ SAL MAR,1600,7798171730026
00000658,NUESTROS SABORES RUSTICAS X 80GR.,C/ SAL MAR,1600,7798171730392
00000966,NUESTROS SABORES SNACK BABAGANUSH X 50GR,HORNEADAS,1100,7798171733041
00000744,NUESTROS SABORES SNACK CEBOLLA X 50GR,HORNEADAS,1100,7798171733058
00000745,NUESTROS SABORES SNACK PANYMANTECA X 50G,HORNEADOS,1100,7798171733065
00000746,NUESTROS SABORES SNACK TOMATE X 50GR,HORNEADOS,1100,7798171733034
00001259,NUTREE MEDALLON ADUKI&MORR&PERE X 400GR.,GRANO INT.,5500,76625216270
00001261,NUTREE MEDALLON BATATA&CURRY X 400GR,GRANO INT.,6500,76625216256
00001262,NUTREE MEDALLON BROCOLI&LINO X 400GR.,GRANO INT.,6500,76625216287
00001263,NUTREE MEDALLON ESPINACA&NUEZ M. X 400GR,GRANO INT.,5500,76625216294
00001264,NUTREE MEDALLON HONGO&P.NEGRO&RO X 400GR,GRANO INT.,7200,758890938131
00001260,NUTREE MEDALLON LENTEJA&ZANA&PUE X 400GR,GRANO INT.,6500,76625216263
00000522,NUTREE MILANESA DE ESPINACA X 180GR.,,3000,714604017110
00004076,NUTRI CRACK X 120GR,,3000,691044762513
00002748,NUTRI RAW ALFAJOR S/AZUCAR FRUTAL X 50GR,,3200,7798307810042
00003784,NUTRI RAW COOKIES CHOCO&LIMON X 40GR.,S/ TACC,2300,7798307810318
00003788,NUTRI RAW PASTA DE MANI  X 390GR,,5500,7798307810363
00001541,NUTRILEVA VIRGEN EN POLVO X 200GR.,NATURAL,10500,7790813130126
00001543,NUTRILEVA VIRGEN EN POLVO X 200GR.,QUESO,12500,7790813130140
00003705,NUTRILEZA MEDALLON ADUKI&CURCUMA X 360GR,4UN.,4700,7798285730097
00003707,NUTRILEZA MEDALLON ARVEJAS&QUINOA 360GR,4UN.,4700,NUTRIARVEJA
00003704,NUTRILEZA MEDALLON ESPINACA&GARB X 360GR,4U.,4700,7798285730028
00003706,NUTRILEZA MEDALLON LENTEJAS&CURRY 360GR,4UN,4700,7798285730059
00003710,NUTRILEZA MEDALLON QUINOA&LINO X 360GR,4UN.,4700,7798285730011
00003709,NUTRILEZA MEDALLON REMOLACHA&GARB. 360GR,4UN.,4700,NUTRIREMO
00003708,NUTRILEZA MEDALLON SOJA&CURRY X 360GR,4UN.,4700,7798285730073
00004123,OASIS TINTURA MADRE CARDO MARIANO X 60CC,Nº9,8000,7798067561673
00004124,OASIS TINTURA MADRE DIENTE LEON X 60CC,Nº57,6500,7798067562809
00004120,OASIS TINTURA MADRE MANZANILLA X 60CC,Nº28,6500,7798067561741
00004122,OASIS TINTURA MADRE MELISA X 60CC,Nº29,8000,7798067561598
00003614,OH YEAH! EXTRACTO NAT. VAINILLA X 100ML.,,5400,7798442440166
00001401,ONNEG JUST HUMMUS X 220GR,,5000,7798255730065
00002065,ONNEG OLIVE DIP X 220GR,,6000,7798255730027
00004180,ONNEG RED PEPPER HUMMUS X 220GR,,6000,7798255730546
00001402,ONNEG SPICY HUMMUS X 220GR,,6000,7798255730386
00004094,ORO RUBÍ AJO NEGRO X  45-60 GR,ORGANICO,6200,7798185630022
00003937,PALILLOS DE SUSHI,,200,PALILLOS
00000094,PAMPA GOURMENT SALSA TERIYAKI X 285 GR.,,7500,7798131060248
00000095,PAMPA GOURMET KETCHUP ORGANICO X 285GR.,,7500,7798131061511
00003860,PAMPA GOURMET MAYONESA ORGANICA X 290GR.,,8000,7798131061870
00003859,PAMPA GOURMET SALSA AJO AHUMADA X 255GR.,,7500,7798131061894
00002017,PAMPA GOURMET SALSA CAESAR X 250ML.,,6000,7798131060750
00004073,PAMPA GOURMET SIRACHA X 300 G.,,7900,7798131061399
00003872,PAMPA GOURMET TALLARIN ORGANICOS X 500GR,,6200,7798131061665
00003512,PAMPA VIDA LECHE ALMENDRA PROTEICA X 1LT,,7500,7798333321963
00001331,PAMPA VIDA LECHE DE ALMENDRAS X 1LT.,S/ AZUCAR,5500,7798333321888
00000345,PAMPAGOURMET PURE DE TOMATE X 500GR,VEGANO,6300,7798131061498
00000053,PAMPAGOURMET V. SIDRA DE MANZANA X 250CC,VEGANO,8000,7798131061467
00003454,PAMPAGOURMET V. SIDRA DE MANZANA X 500CC,VEGANO,15000,7798131062228
00003622,PARTY BECK SPAGHETTI DE ARROZ X 300GR.,ESPINACA,3800,7798146451567
00003623,PARTY BECK SPAGHETTI DE ARROZ X 300GR.,CLASICOS,3600,7798146451550
00003774,PASTAZARA COUS COUS INTEGRAL X 500GR.,LISTO 5m.,7500,8004350002525
00003924,PASTILLAS ICY ANANA X 35 GR,S/AZUCAR,2500,7798324670230
00003925,PASTILLAS ICY FRUTOS DEL BOSQUE X 35GR,S/AZUCAR,2500,7798324670131
00003999,PASTILLAS ICY MENTA X 35GR.,S/AZUCAR,2500,7798324670018
00003964,PASTILLAS ICY MENTOL X 35GR.,S/AZUCAR,2500,7798324670094
00003926,PASTILLAS ICY SANDIA X 35GR,S/AZUCAR,2500,7798324670209
00003345,PATAGONIA MATE COCO & NARANJA X 150GR.,,6000,7798389121142
00003285,PATAGONIA YERBA MATE CHAI X 150GR.,,6000,7798073138340
00001077,PATAGONIA YERBA MATE CITRICO X 150GR.,,6000,7798073138357
00003465,PATAGONIA YERBA MATE EST. 18M X 500GR.,MOL. FINA,5000,7798389121838
00001078,PATAGONIA YERBA MATE FRUTAL X 150GR.,,6000,7798073138371
00003835,"PESABLE AJI MOLIDO AHUMADO ""MERKEN"" X KG",,17500,3835
00003827,PESABLE AJO AHUMADO GRANULADO X KG.,,24500,3827
00000968,PESABLE AJO EN POLVO NAC. X KG.,,8500,19
00000148,PESABLE AJO EN POLVO S/ TACC X KG.,,12500,71
00000149,PESABLE AJO GRANULADO X KG.,IMPORTADO,16000,1036
00000355,PESABLE ALMENDRA CARMEL X KG.,25/27,26000,9
00000442,PESABLE ALMENDRA NON PAREIL X KG,23/25,30000,442
00003820,PESABLE ALPISTE CONS. HUMANO X KG.,,6000,3820
00002328,PESABLE AMBAY X KG.,,21500,2328
00002857,PESABLE ANIS ESTRELLADO ENTERO X KG.,,65000,2857
00000127,PESABLE ANIS GRANO X KG.,,26500,127
00000370,PESABLE ARANDANOS DESHIDRATADOS X KG.,,17500,370
00000269,PESABLE ARROZ BASMATI X KG.,,10000,269
00000267,PESABLE ARROZ CARNAROLI X KG.,RISOTTO,5000,267
00003839,PESABLE ARROZ FORTUNA DOBLE CARO X KG.,,4000,3839
00000270,PESABLE ARROZ KOSHIHIKARI X KG.,P/ SUSHI,3500,270
00000201,PESABLE ARROZ PARBOIL X KG.,NO SE PEGA,2250,201
00003838,PESABLE ARROZ YAMANI INTEGRAL X KG.,,3100,76
00002224,PESABLE ARVEJA PARTIDA X KG.,,2300,1008
00000356,PESABLE AVELLANAS PELADAS X KG.,CAL. +15,55000,356
00000284,PESABLE AVENA GRUESA X KG.,,3000,284
00000287,PESABLE AVENA INSTANTANEA X KG.,,3000,1376
00001124,PESABLE AZUCAR DE MASCABO X KG.,,6200,985
00000728,PESABLE AZUCAR INTEGRAL DE COCO X KG,INDONESIA,38000,728
00000439,PESABLE AZUCAR RUBIA X KG,,3100,439
00002246,PESABLE BAHARAT 7 ESPECIAS X KG.,S/ SAL,35000,2246
00000398,PESABLE BAYAS DE GOJI X KG.,CHINA,36000,398
00000151,PESABLE BICARBONATO DE SODIO X KG.,,5000,151
00001065,PESABLE BOLDO X KG.,,27500,1065
00001144,PESABLE BURRITO X KG.,,35000,1144
00002616,PESABLE CACAO AMARGO ALCALINO X KG,,35000,2616
00003009,PESABLE CACAO EN POLVO AMARGO X KG.,,15000,3009
00002360,PESABLE CANELA MOLIDA AA X KG,PREMIUM,20500,80
00002359,PESABLE CANELA RAMA PREMIUM X KG.,,80500,2359
00002785,PESABLE CASTAÑA DE CAJU W4 TOSTADA X KG.,BRASIL,32000,2785
00000357,PESABLE CASTAÑA DE CAJU W4 X KG.,BRASIL,24000,97
00002034,PESABLE CASTAÑA DE PARA X KG.,,55000,2034
00002080,PESABLE CEBADA PERLADA X KG.,,2500,1439
00000268,PESABLE CEBOLLA EN POLVO X KG.,,13000,268
00003847,PESABLE CEBOLLA ESCAMAS AHUMADA X KG.,,23000,60
00003350,PESABLE CHICKEN MASALA X KG.,,25000,3350
00002862,PESABLE CHIPS DE BANANA X KG,,19000,98
00003791,PESABLE CIRUELA D`AGEN C/ CAROZO X KG.,NACIONAL,8500,3791
00000368,PESABLE CIRUELA D`AGEN S/ CAROZO X KG.,NACIONAL,12000,816
00000369,PESABLE CIRUELA PRESIDENTE X KG.,NACIONAL,15000,369
00000129,PESABLE CLAVO DE OLOR ENTERO X KG.,,61000,129
00000365,PESABLE COCO EN ESCAMAS X KG.,INDONESIA,24000,2
00000364,PESABLE COCO RALLADO X KG.,,11000,117
00001094,PESABLE COLA DE CABALLO X KG.,,20000,1094
00002357,PESABLE COMINO EN GRANO X KG.,,20500,2357
00000126,PESABLE COMINO MOLIDO PURO X KG.,,20500,3
00003133,PESABLE CREMOR TARTARO X KG.,,30000,3133
00000147,PESABLE CURCUMA EN POLVO X KG.,,16000,1047
00002627,PESABLE CURRY PICANTE X KG.,,13500,2627
00000146,PESABLE CURRY SUAVE X KG.,,13000,146
00000371,PESABLE DATILES C/ CAROZO X KG.,ARGELIA,12500,44
00000373,PESABLE DATILES PREMIUM MEDJOOL X KG,ISRAEL,35000,804
00001067,PESABLE DIENTE DE LEON X KG.,,24000,1066
00001125,PESABLE ERITRITOL X KG.,,27000,1125
00003142,PESABLE EUCALIPTUS MENTOLADO X KG.,,25000,3142
00002308,PESABLE EUCALIPTUS X KG.,,22000,2208
00000188,PESABLE FECULA DE MAIZ X KG.,,3100,188
00000104,PESABLE FECULA DE MANDIOCA X KG.,,3500,104
00000400,PESABLE FENOGRECO EN GRANO X KG,,12000,400
00003829,PESABLE FINAS HIERBAS X KG.,,18200,3829
00001068,PESABLE FLOR DE JAMAICA HIBISCUS X KG.,,34000,1068
00001069,PESABLE FLORES DE MANZANILLA X KG.,,41000,1069
00002082,PESABLE GARAM MASALA X KG.,,30000,2082
00003819,PESABLE GARBANZO X KG.,,2500,602
00003301,PESABLE GELATINA AGAR AGAR X KG.,VEGETAL,95000,18
00001279,PESABLE GELATINA S/ SABOR X KG.,250 BLOOM,35000,1279
00000421,PESABLE GIRASOL C/ CASCARA X KG.,,4000,421
00003998,PESABLE GIRASOL PELADO X KG.,,6000,961
00000476,PESABLE HARINA DE ALGARROBA X KG.,,8500,85
00000227,PESABLE HARINA DE ALMENDRA C/ PIEL X KG.,,28000,81
00003793,PESABLE HARINA DE ALMENDRA PLUS X KG.,C/PSYLLIUM,17000,10
00000087,PESABLE HARINA DE ALMENDRA S/ PIEL X KG.,,33500,11
00003843,PESABLE HARINA DE ARROZ INT. X KG,,2000,3843
00003842,PESABLE HARINA DE ARROZ X KG.,,1750,73
00000226,PESABLE HARINA DE AVENA X KG.,,3200,226
00003845,PESABLE HARINA DE CHIA X KG.,,2500,3845
00000307,PESABLE HARINA DE COCO ORGANICA X KG.,FILIPINAS,13000,307
00002909,PESABLE HARINA DE COCO S/ TACC X KG.,,11000,14
00000228,PESABLE HARINA DE COCO X KG.,SRI LANKA,8500,228
00003846,PESABLE HARINA DE GARBANZO X KG.,PURA,2500,82
00001024,PESABLE HARINA DE LENTEJA X KG.,,2000,1024
00000015,PESABLE HARINA DE LINO X KG.,,4000,15
00000721,PESABLE HARINA DE MAIZ BLANCO X KG.,AREPAS,4500,721
00003204,PESABLE HARINA DE MAIZ MICRONIZADA X KG.,PARAGUAYA,2500,3204
00000016,PESABLE HARINA DE QUINOA X KG.,,9000,16
00000279,PESABLE HARINA DE TRIGO INTEGRAL X KG.,,2000,279
00000208,PESABLE HARINA DE TRIGO SARRACENO X KG.,,11000,208
00003844,PESABLE HARINA PROTEICA/KETO X KG.,,18000,3844
00000431,PESABLE HOMEMADE GRANOLA CRUNCH X KILO,S/ AZUCAR,20000,13
00002784,PESABLE HONGO BOLETUS (PINO) X KG.,,52000,2784
00003544,PESABLE IQF ACELGA CONGELADA X KG.,,8000,3544
00002916,PESABLE IQF ANANA CONGELADO X KG.,CUBOS,16000,2916
00003326,PESABLE IQF ARANDANO CONGELADO X KG.,,16000,4
00004018,PESABLE IQF ARVEJA ENTERA CONGELADA X KG,,7500,4018
00001443,PESABLE IQF BROCOLI CONGELADO X KG.,,11000,5
00000150,PESABLE IQF CEBOLLA CONGELADA X KG.,PICADA,8000,150
00000749,PESABLE IQF CHAMPIGNON CONGELADA X KG.,FILETEADO,14500,6
00002981,PESABLE IQF CHAUCHA CONGELADA X KG.,,11500,749
00001352,PESABLE IQF CHOCLO CONGELADO X KG.,,8500,1352
00000409,PESABLE IQF DURAZNO CONGELADO X KG.,,11000,409
00002959,PESABLE IQF ESPARRAGO X KG,,25000,2959
00002551,PESABLE IQF ESPINACA CONGELADA X KG.,,8800,2551
00001441,PESABLE IQF FRAMBUESA CONGELADA X KG.,,35000,7
00000403,PESABLE IQF FRUTILLA CONGELADA X KG.,,10500,403
00003385,PESABLE IQF MIX 4 BERRIES CONGELADA X KG,,18000,3385
00003545,PESABLE IQF MIX PATAGONICO CONG. X KG.,FRU&ARA&FR,17000,345
00001440,PESABLE IQF MIX PRANA CONGELADA X KG.,FRU&ARA&MO,15000,1440
00000423,PESABLE IQF MIX ROJO PREMIUM X KG,MOR&ARA&FR,21000,423
00001296,PESABLE IQF MORA CONGELADA X KG.,,14500,1296
00000428,PESABLE IQF MORRON X KG,,13500,428
00000410,PESABLE IQF PALTA CUBOS CONGELADA X KG.,,20000,410
00000441,PESABLE IQF PULPA DE ACAI CONGELADA X KG,,24000,441
00000440,PESABLE IQF PULPA MARACUYA CONG. X KG,S/ SEMILLA,16500,440
00003517,PESABLE JENGIBRE DESHIDROAZUCARADO X KG.,,30000,3517
00002133,PESABLE JENGIBRE ENTERO X KG.,,22000,2133
00003482,PESABLE JENGIBRE MOLIDO X KG.,,21000,1947
00002700,PESABLE JULIANA PARA SOPA(SIN PAPA) X KG,,22000,2700
00003836,PESABLE KUMMEL X KG.,,21000,3836
00002346,PESABLE LAUREL X KG.,,24000,45
00003232,PESABLE LECHE DE COCO POLVO S/TACC X  KG,,40000,17
00000303,PESABLE LENTEJA X KG.,,3500,1441
00000294,PESABLE LENTEJAS TURCAS X KG,ROJA,6400,1939
00003808,PESABLE LENTEJON X KG.,,4000,3808
00003823,PESABLE LINO MARRON X KG.,,3700,959
00003792,PESABLE MAIZ FRITO X KG.,,16500,8
00000189,PESABLE MAIZ PISADO BLANCO X KG,,3200,189
00003821,PESABLE MAIZ PISINGALLO X KG.,,1600,1014
00004171,PESABLE MANI CRUDO RUNNER X KG.,,3400,4171
00000359,PESABLE MANI EN VAINA X KG.,,6100,38
00003170,PESABLE MANI TOSTADO S/ SAL X KG.,,4000,3170
00003826,PESABLE MIX 4 SEMILLAS X KG.,,8000,3826
00003825,PESABLE MIX 8 SEMILLAS X KG.,,12000,3825
00003848,PESABLE MIX AURA X KG.,,20000,3848
00003850,PESABLE MIX GAIA X KG.,,26500,3850
00003853,PESABLE MIX KAPHA X KG.,,14500,3853
00000278,PESABLE MIX PIMIENTAS EN GRANO X KG,,60000,278
00003854,PESABLE MIX PITTA PREMIUM X KG.,,21000,3854
00003851,PESABLE MIX PITTA X KG.,,17500,3851
00003849,PESABLE MIX VATA X KG.,,24000,3849
00003852,PESABLE MIX VITALIS X KG.,,21000,3852
00002851,PESABLE MOSTAZA AMARILLA EN GRANO X KG,,10000,2851
00000360,PESABLE NUEZ MARIPOSA EXTRA LIGHT X KG.,,22000,1
00001577,PESABLE NUEZ MOSCADA EN GRANO X KG.,,70000,1577
00003837,PESABLE NUEZ MOSCADA MOLIDA X KG.,,33000,3837
00000362,PESABLE NUEZ PECAN ENTERA X KG.,,37500,362
00000138,PESABLE ORANN BARRITA CROCANTE X KG.,,12500,138
00000145,PESABLE ORANN BARRITA ENERGETICA X KG,,15500,145
00002860,PESABLE ORANN GRANOLA ENERGETICA X KG.,,12500,2860
00000137,PESABLE OREGANO X KG.,,9000,62
00002345,PESABLE PAPRIKA X KG.,,16500,1056
00002562,PESABLE PASA DE UVA NEGRA JUMBO X KG.,,9500,116
00002431,PESABLE PASA DE UVA NEGRA SULTANINA X KG,,6200,2431
00000367,PESABLE PASA DE UVA RUBIA X KG.,,11000,113
00001099,PESABLE PASIONARIA X KG.,,37000,1099
00001100,PESABLE PEPERINA X KG.,,60000,1100
00003828,PESABLE PEREJIL DESHIDRATADO X KG.,EGIPTO,18500,3828
00000143,PESABLE PIMENTON AHUMADO X KG.,,16000,1058
00003168,PESABLE PIMENTON DULCE X KG.,,15000,3168
00002344,PESABLE PIMIENTA BLANCA EN GRANO X KG.,,60500,2344
00000132,PESABLE PIMIENTA BLANCA MOLIDA X KG.,,62000,1063
00002398,PESABLE PIMIENTA DE CAYENA X KG,,20000,2398
00003510,PESABLE PIMIENTA DE JAMAICA GRANO X KG.,,55000,3510
00000130,PESABLE PIMIENTA NEGRA EN GRANO X KG.,,38000,130
00000131,PESABLE PIMIENTA NEGRA MOLIDA X KG.,,37500,1067
00002783,PESABLE PISTACHO PELADO X KG.,S/ SAL,95000,2783
00000363,PESABLE PISTACHO TOSTADO S/ SAL X KG.,,39000,100
00000808,PESABLE POLVO PARA HORNEAR X KG.,,9000,118
00000301,PESABLE POROTO ADUKI X KG.,,7200,301
00000297,PESABLE POROTO ALUBIA X KG,,3500,297
00000298,PESABLE POROTO COLORADO X KG.,,4000,1017
00000361,PESABLE POROTO LUPINES BLANCOS X KG,GRANDE,5000,54
00000300,PESABLE POROTO MUNG X KG.,,3000,1019
00000299,PESABLE POROTO NEGRO X KG.,,3700,52
00003178,PESABLE POROTO PALLARES X KG.,PERU,10000,3178
00000402,PESABLE PSYLLIUM EN POLVO X KG.,,40000,402
00002437,PESABLE PSYLLIUM SEMILLA X KG.,,30000,1580
00000882,PESABLE QUINOA BLANCA REAL X KG.,PERU,12000,105
00000282,PESABLE QUINOA NEGRA X KG.,,19500,1024
00000283,PESABLE QUINOA ROJA X KG.,,15500,283
00000765,PESABLE RAS EL HANOUT X KG.,,35000,765
00000133,PESABLE ROMERO EN HOJAS X KG.,,30000,133
00000165,PESABLE SAL DEL HIMALAYA X KG.,,5000,165
00001408,PESABLE SAL MARINA X KG.,,3750,1408
00000288,PESABLE SALVADO DE AVENA X KG.,,3400,944
00000291,PESABLE SALVADO DE TRIGO X KG,FINO,2000,291
00003824,PESABLE SEMILLA DE CHIA X KG.,,10500,37
00000394,PESABLE SEMILLA GIRASOL PELADA X KG.,,6000,961
00002173,PESABLE SEMILLAS DE AMAPOLA X KG.,,20000,103
00002845,PESABLE SEMILLAS DE HINOJO X KG.,,12500,960
00001442,"PESABLE SEMILLAS DE ZAPALLO ""A"" X KG.",,16500,1442
00000401,"PESABLE SEMILLAS DE ZAPALLO ""AA"" X KG.",,28000,30
00000397,PESABLE SESAMO BLANCO X KG.,,10000,26
00003822,PESABLE SESAMO INTEGRAL X KG.,,4500,27
00000396,PESABLE SESAMO NEGRO X KG.,,17000,28
00000273,PESABLE SOJA TEXTURIZADA X KG.,,3500,108
00002334,PESABLE SPIRULINA X KG.,,56000,2334
00002340,PESABLE STEVIA EN HOJA X KG.,,52000,2340
00001102,PESABLE STEVIA EN POLVO X KG.,,23000,1102
00000964,PESABLE TE CHAI HEBRAS X KG.,,95000,964
00002640,PESABLE TE VERDE MATCHA X KG.,,165000,2640
00000349,PESABLE TOMATES SECOS X KG.,NACIONAL,17000,55
00002158,PESABLE TOMILLO X KG.,,17500,1072
00003840,PESABLE TRIGO BURGOL X KG.,,3000,1026
00003841,PESABLE TRIGO SARRACENO PELADO X KG.,,11500,238
00001075,PESABLE WASABI EN POLVO X KG,,28000,1075
00001126,PESABLE XILITOL X KG.,,30000,1126
00001074,PESABLE ZATAAR COND. ARABE X KG.,,17500,1074
00003607,PLANTE CRACKERS DE TOMATE S/TACC X 70GR.,RAW PLANT,6000,727373247756
00003608,PLANTE CROCANTE COCO & CACAO X 70GR.,RAW PLANT,7000,727373247763
00004177,PLANTE CROCANTE DE COCO BERRY BLOOM X70G,,7500,727373380668
00003688,PLANTE GRANOLA SARRACENO&CACAO X 250GR.,RAW PLANT,12500,727373154894
00003615,PLANTE KALE CHIPS S/TACC X 70GR.,RAW PLANT,6500,714604341987
00004176,PLANTE KALE CHIPS SPICY  MANGO X 20GR.,,7300,727373380651
00003629,PLANTE KALEMESAN TIPO PARMESANO X 120GR,RAW PLANT,8500,727373154924
00003909,PONT GEL ENERG. PRE/INTRA ENTRENO X 43GR,F. ROJOS,3000,7798333090579
00003910,PONT GEL ENERG. PRE/INTRA ENTRENO X 43GR,LIMA&MENTA,3000,7798333090586
00001079,PORONGO YERBA MATE ORGANICA X 500GR,,6800,7798344310017
00003918,PRASAT ARROLLADITO  X 200GR,,3800,7798184760416
00003712,PRASAT MATAMBRE VEGANO X 300GR,C/ VERDEO,3400,7798184760478
00003734,PRASAT MATAMBRE VEGANO X 300GR,CLASICO,3400,7798184760744
00003711,PRASAT MATAMBRE VEGETARIANO X 250GR.,,3400,7798184760737
00003728,PRASAT MEDALLON DE SOJA RELLENO X 460GR,CEB&QU&TOM,7700,7798184760546
00003729,PRASAT MEDALLON DE SOJA RELLENO X 460GR.,QUESO AZUL,7700,7798184760607
00003730,PRASAT MEDALLON DE SOJA RELLENO X 460GR.,ACEI&QUESO,7700,7798184760591
00003732,PRASAT MEDALLON DE SOJA RELLENO X 460GR.,ACEL&QUESO,7700,7798184760577
00003733,PRASAT MEDALLON DE SOJA RELLENO X 460GR.,QUESO,7700,7798184760522
00003959,PRASAT MEDALLON DE SOJA RELLENO X 460GR.,CEB&QUESO,7700,7798184760539
00003727,PRASAT MEDALLON DE SOJA X 460GR.,S/ SAL,4500,7798184760515
00003731,PRASAT MEDALLON RELLENO DE SOJA X 460GR.,CALA&QUESO,7700,7798184760584
00003943,PRASAT MEDALLON SOJA C/ Q. PARME X 460GR,,6000,7798184760492
00003713,PRASAT SEITAN VEGANO X 360GR.,CLASICO,4300,7798184760423
00004044,PREPIZZA INTEGRAL X 2U.,,4500,
00004043,PREPIZZA KETO S/SEMILLAS X 2U.,,7000,
00004093,PROLIGHT DULCE DE BATATA X 400 GR.,,5000,7792260639801
00004092,PROLIGHT DULCE DE MEMBRILLO X 400 GR.,,5600,7792260640050
00004015,PROTA BARRA ARANDANOS X 58GR,23GR PROT.,4000,7798463610067
00004101,PROTA BARRA AVELLANAS X 58GR,23GR PROT.,4000,7798463610081
00003663,PROTA BARRA CACAO&ALMENDRA&SAL M. X 59GR,23GR PROT.,4000,7798463610012
00003664,PROTA BARRA COCO& DULCE DE LECHE X 59GR,23GR PROT.,4000,7798463610029
00001200,PURA FRUTTA BLEND DETOX X 1LT.,S/ TACC,5000,7798259439308
00004069,PURA FRUTTA BLEND DETOX X 250ML.,S/ TACC,2000,7798259439940
00001201,PURA FRUTTA BLEND MANZANA & KIWI X 1LT.,S/ TACC,5000,7798259439223
00001199,PURA FRUTTA BLEND MANZANA&FRUTILLA X 1LT,S/ TACC,5000,7798259439094
00002710,PURA FRUTTA GREEN DETOX X 1LT.,S/ TACC,5000,7798259439353
00001814,PURA FRUTTA MANZANA KISSABEL X 1LT.,S/ TACC,5000,7798259430282
00003630,PURA FRUTTA MANZANA ORGANICA X 1LT.,S/ TACC,5000,7798259439209
00001196,PURA FRUTTA MANZANA ROJA X 1LT.,S/ TACC,5000,7798259430138
00003631,PURA FRUTTA MANZANA ROJA X 250ML.,S/ TACC,1700,7798259439605
00001961,PURA FRUTTA MANZANA&ARANDANOS X 1 LT.,S/ TACC,6000,7798259439100
00001962,PURA FRUTTA MULTIFRUTA X 1L,S/ TACC,5000,7798259439506
00003632,PURA FRUTTA MULTIFRUTA X 250ML.,S/ TACC,1700,7798259439612
00001194,PURA FRUTTA NARANJA DEL LIT. X 250ML.,S/ TACC,1700,7798259439629
00002833,PURA FRUTTA NARANJA SALUSTIANA X 1LT.,S/ TACC,5000,7798259439537
00002657,PURA FRUTTA PERA DE LA PATAGONIA X 1LT.,S/ TACC,5000,7798259439711
00000443,PURA FRUTTA PERA X 250ML.,S/ TACC,1700,7798259439728
00003995,QUIMYA YOGUR PROTEICO 15G NEUTRO X 150GR,VEGANO,4500,727373048285
00003025,QUIMYA YOGUR PROTEICO 15GR CHOCO X 150GR,VEGANO,4500,727373048278
00002420,QUIMYA YOGUR PROTEICO 15GR VAINI X 150GR,VEGANO,4500,727373048261
00003504,QUIMYA YOGURT ARANDANO S/ AZUCAR X 160GR,VEGANO,3500,754697513090
00003930,QUIMYA YOGURT ARANDANO X 160GR.,VEGANO,3500,721450715893
00003886,QUIMYA YOGURT DE COCO C/ GRANOLA X 150GR,VEGANO,4000,721450715985
00003777,QUIMYA YOGURT DE COCO PISTACHO X 160GR.,VEGANO,3500,754697513076
00003776,QUIMYA YOGURT DE COCO VAINILLA X 160GR.,VEGANO,3500,721450715909
00003941,QUIMYA YOGURT FRUTILLA S/ AZUCAR X 160GR,VEGANO,3500,754697513106
00001366,QUIMYA YOGURT FRUTILLA X 160GR.,VEGANO,3500,721450715886
00003994,QUIMYA YOGURT MANGO&MARA S/ AZUC X 160GR,VEGANO,3500,721450715947
00001367,QUIMYA YOGURT MANGO&MARACUYA X 160GR,VEGANO,3500,721450715916
00000565,QUIMYA YOGURT PIÑA S/ AZUCAR X 150GR.,VEGANO,4000,714604459637
00000563,QUIMYA YOGURT PITAYA&GUA S/AZUCAR 150GR.,VEGANO,4000,714604459620
00001365,QUIMYA YOGURT VAINILLA S/ AZUCAR X 160GR,VEGANO,3500,754697513113
00002972,REBELDE QUESO CREMA BLANCO X 280GR.,,6000,7798414430027
00003892,REGIONAL MADGALENA MIEL X 250GR.,,4500,MAGDAMIEL
00001882,RIERA GRISINES INT. C/ LINO&CHIA X 160GR,,2500,7790071010215
00004136,RISKY-DIT GALLETA DE ARROZ C/SAL X 100GR,,1500,76625212029
00004137,RISKY-DIT GALLETA DE ARROZ DULCE X 100GR,,1500,76625212005
00004135,RISKY-DIT GALLETA DE ARROZ S/SAL X 100GR,,1500,76625212012
00001085,ROAPIPO YERBA MATE TRADICIONAL X 500GR.,C/ PALO,4500,7798185200034
00001965,SAINT GOTTARD DIGEST X 20 SAQ.,,4500,7798008291508
00000982,SAINT GOTTARD TE BOLDO X 20 SAQ.,,4400,7798008294646
00001967,SAINT GOTTARD TE MANZANILLA X 20 SAQ.,,3100,7798008294653
00000985,SAINT GOTTARD TE ROOIBOS X 20 SAQ.,AVE. CARAM,7500,7798008292598
00001966,SAINT GOTTARD TE TILO X 20 SAQ.,,4700,7798008294622
00000979,SAINT GOTTARD TE VERDE X 20 SAQ.,,3000,7798008294660
00000753,SAMURAI SNACK PROTE MIEL&VAINILLA 60GR,S/TACC,3500,7798033680667
00002826,SAMURAI SNACK PROTE QUINOA&DLL X 60GR,S/TACC,3500,7798033680674
00003992,SAMURAI SNACK PROTE SALADO QUESO X 50GR,S/ TACC,3500,7798033680605
00003993,SAMURAI SNACK PROTE SEM&CACAO X 60GR,S/TACC,3500,7798033680650
00004165,SAN GIORGIO ADEREZO DE ARROZ P/ SUSHI,,8000,7798040891827
00003921,SCHAR PAN DE HAMBURGUESA X 130GR.,S/ TACC,5500,7898954933689
00000222,SEMILLAS GAUCHAS TRIGO SARRACENO X 1KG.,HARINA,8500,7798363080038
00002250,SEMILLAS GAUCHAS TRIGO SARRACENO X 1KG.,PELADO,9500,7798363080045
00003882,SERENISIMA YOGUR GRIEGO NATURAL X 300GR.,S/AZUCAR,4500,7791337010017
00000237,SHIVA COOKIES CHOCOLATE X 100GR.,,4000,791466298529
00000238,SHIVA COOKIES LIMON & MARACUYA X 100GR.,,4000,791466298512
00000639,SHIVA CRACKER MEDITERRANEAS X 100GR.,,3600,617308824117
00000636,SHIVA CRACKERS DE CARBON NAT. X 100GR,,3600,617308824094
00000637,Shiva Crackers mix semillas,,3600,617308824100
00000638,SHIVA CRACKERS PIMENTON AHUMADO X 100GR.,MASA MADRE,3600,617308824087
00002848,SHIVA TOSTADITAS DE QUINOA X 100 GR.,,3600,791466298444
00001670,SHIVA TOSTADITAS JALAPEÑO&LIMON X 100GR.,,3200,791466298451
00003146,SHIVA TOSTIS SARRACENO GERMINADO X 100GR,,3600,791466298468
00003807,SIETE LAGOS PALMITOS ENTEROS X 400GR,ECUADOR,6500,7791351148222
00003775,SIETE LAGOS PIMIENTOS PIQUILLO X 295GR.,S/ TACC,6000,7791351007666
00001335,SILK LECHE CHOCOALMENDRADA X 1 LT.,,5000,7791337007956
00001333,SILK LECHE DE ALMENDRAS X 1LT,S/AZUCAR,5500,7791337007918
00001336,SILK LECHE DE COCO X 1LT.,S/ AZUCAR,5000,7791337007932
00000623,SMAMS BUDIN MARMOLADO X 200GR.,S/ AZUCAR,6500,7798181510649
00000620,SMAMS BUDIN VAINILLA X 200GR.,S/ AZUCAR,6500,7798181510533
00003267,SMAMS POLVORON VAINILLA C/ CHIPS X 150GR,S/ AZUCAR,4000,7798181510717
00003028,SMAMS POLVORONES VAINILLA X 115GR.,S/ AZUCAR,3500,7798181510946
00000526,SMOOKIES BABY BANANA X 150GR,,5100,7798166860059
00000528,SMOOKIES BABY MANZANA X 150GR,,5100,7798166860011
00000529,SMOOKIES BABY PERA X 150GR,,5100,7798166860028
00000527,SMOOKIES BABY VAINILLA X 150GR.,,5100,7798166860066
00004091,SOL AZTECA ACEITE DE ALMENDRAS X 100 CM,,10700,7795513155646
00003956,SOL AZTECA ACEITE DE CHIA&VIT.E X 250ML.,,8500,705105855448
00003809,SOL AZTECA ACEITE DE LINO X 250ML.,,7500,7795513052945
00003939,SOL AZTECA ACEITE DE SESAMO X 250ML.,,8500,705105855646
00004011,SOL AZTECA TAHINI PASTA SESAMO B. 350GR,S/ TACC,12500,7795513155660
00004172,SOLAZTECA PASTA SEMILLAS DE CALABAZAX200,,11000,7795513335406
00000495,SOYANA TOFU GRILL CHIMICHURRI X 200GR.,S/ TACC,9000,7798383880076
00001407,SOYANA TOFU ORGANICO X 350GR.,,9000,7798383880014
00003616,SOYARROZ FIEOS C/ESPINACA X 300GR.,,3200,7798094170145
00003617,SOYARROZ FIEOS TRADICIONALES X 300GR.,,3500,7798094170114
00003462,SOYINA PROTEINA TEXT. DE SOJA X 250GR.,,1800,7790495000960
00003781,SOYLAND TOFU AHUMADO X 300GR.,S/TACC,9000,7798256540229
00003915,SOYLAND TOFU FIRME X 300GR.,S/TACC,9000,7798256540236
00003880,SOYLAND TOFU HIERBAS X 300GR.,S/TACC,8300,7798256540205
00003640,SR KEFIR KOMBUCHA CON LIMON X 934ML.,,8500,7798366550064
00003641,SR KEFIR KOMBUCHA NARAN&HIBISCUS X 934ML,,8500,7798366550071
00003919,SR KEFIR SABOR ARANDANOS X 934ML.,,8000,7798366550057
00003644,SR KEFIR SABOR LIMA & JENGIBRE X 934ML.,,8000,7798366550040
00003642,SR KEFIR SABOR MANZANA X 934ML.,,8000,7798366550033
00003643,SR KEFIR SABOR ORIGINAL X 934ML.,,8000,7798366550019
00003645,SR KEFIR SABOR POMELO ROSADO X 934ML.,,8000,7798366550026
00001820,SRI SRI BALSAMO LABIAL UVA Y ROSA X 10GR,,6500,8906038782784
00003970,SRI SRI SAHUMERIOS X 14 VARILLAS,JAZMIN,2100,8904150126837
00003971,SRI SRI SAHUMERIOS X 14 VARILLAS,MILFLORES,2100,8904150126899
00003972,SRI SRI SAHUMERIOS X 14 VARILLAS,PALO SANTO,2100,8904150126967
00003974,SRI SRI SAHUMERIOS X 14 VARILLAS,L. GRASS,2100,8904150126981
00003975,SRI SRI SAHUMERIOS X 14 VARILLAS,F. NARANJA,2100,8904150126998
00003976,SRI SRI SAHUMERIOS X 14 VARILLAS,ABUNDANCIA,2100,8904150126912
00003977,SRI SRI SAHUMERIOS X 14 VARILLAS,MÑN FRESCA,2100,8904150126851
00003978,SRI SRI SAHUMERIOS X 14 VARILLAS,CANELA,2100,8904150126882
00002179,STAR LION PAPEL DE ARROZ X 50UN.,,14000,8853602002253
00003863,SUMA MONODOSIS ELECTROLITOS FRUTO ROJOS,S/ AZUCAR,3000,7798444970012
00004033,SUMA MONODOSIS ELECTROLITOS LIMA LIMON,S/ AZUCAR,3000,7798444970029
00003864,SUMA MONODOSIS ELECTROLITOS NARANJA,S/ AZUCAR,3000,7798444970036
00003885,TALOS YOGURT EST. GRIEGO FRAMBUESA 180GR,,4000,7798335288509
00003883,TALOS YOGURT EST. GRIEGO NATURAL X 180GR,S/ AZUCAR,3000,7798335288479
00003884,TALOS YOGURT EST. GRIEGO NATURAL X 180GR,,3000,7798335288486
00004009,TANTE GRETTY BUDIN DE CHOCO X 250GR.,S/ TACC,6600,7798040400302
00004010,TANTE GRETTY BUDIN DE VAINILLA X 250GR.,S/ TACC,6600,7798040400296
00004159,TARAKO FURIKAKE ROSADO DE BONITO X 25GR,,8000,4902820108071
00004078,TENPO PAN DE MOLDE ORGANICO X 960GR,INTEGRAL,8000,TENPOINT
00003790,TIBAX WRAPS C/SALVADO X 6UNI,,5200,754697505255
00001563,TITAN LEVADURA NUTRICIONAL X 200GR.,,16500,7790873000025
00004062,TORTILLAS CABRONAS X 10 UNI,,4500,7798414430041
00004041,TRIGO SARRACENO PELADO X 1KG.,FIBRA,8600,7798363080014
00001148,TRINI DULCE DE LECHE C/STEVIA X 400GR.,,8000,7798134781119
00004066,TRYMS CEBOLLA MORADA X 60 GR,,1900,7798181040184
00004064,TRYMS CLASICAS X  60GR,,1900,7798181040177
00004065,TRYMS FINAS HIERBAS X 60 GR,,1900,7798181040207
00004063,TRYMS PIMIENTA Y SAL MARINA X 60GR,,1900,7798181040191
00003242,UY TUNA ATUN AL NATURAL X 120GR.,,3000,7730977690098
00003323,UY TUNA ATUN AL NATURAL X 1KG.,,21000,7730977690128
00003235,UY TUNA ATUN AL NATURAL X 250GR.,,6000,7730977690104
00004156,VANOLI SALSA INGLESA X 190GR,,4000,7790127000061
00003696,VEGETAL PIZZA MASA DE VERDURA X 220GR.,REMOLACHA,8100,763571733394
00003697,VEGETAL PIZZA MASA DE VERDURA X 220GR.,ESPINACA,8100,763571890776
00003698,VEGETAL PIZZA MASA DE VERDURA X 220GR.,ZANAHORIA,8100,763571890783
00003724,VERDEMENTE BURGUER ADUKI X 340GR,,4500,VERMILA2P
00003715,VERDEMENTE BURGUER ARVEJAS X 360GR.,,4500,VERMILA200P
00003720,VERDEMENTE BURGUER GARB&ESPINACA X 280GR,S/ SAL,4500,VERMILA15P
00003717,VERDEMENTE BURGUER GARB&ESPINACA X 360GR,,4500,VERMILA6P
00003716,VERDEMENTE BURGUER LENTEJA X 360GR.,,4500,VERMILA5P
00003722,VERDEMENTE BURGUER MIJO&REMOLACHA 320GR,S/ SAL,4500,VERMILA13P
00003723,VERDEMENTE BURGUER MIJO&REMOLACHA 320GR,,4500,VERMILA8P
00003721,VERDEMENTE BURGUER QUINOA X 360GR,S/ SAL,4500,VERMILA11P
00003714,VERDEMENTE BURGUER QUINOA X 360GR.,,4500,VERMILA3P
00003725,VERDEMENTE BURGUER YAMANI&BURGOL X 400GR,,4500,VERMILA9P
00004072,VERDEMENTE CHORIZO VEGANO X 3U,,5600,CHORIVEG
00003719,VERDEMENTE RELLENO CALABAZA&MUZZA 310GR,,5000,VERMILA20P
00003718,VERDEMENTE RELLENO CHOCLO&MUZZA X 310GR,,5000,VERMILA18P
00003726,VERDEMENTE SEITAN X 240GR.,,5500,VERSEITAN
00002220,VIANDAS ENVASE RETORNABLE,,500,SEÑAVIANDA
00000625,VIAVITA CHALITAS MIX SEMILLAS X 100GR.,S/ TACC,2500,7798195940142
00000626,VIAVITA CHALITAS ORIGINALES X 100GR.,S/TACC,2500,7798195940128
00000624,VIAVITA CHALITAS QUESO PARME X 100GR.,S/TACC,2500,7798195940173
00003606,VIAVITA GARBANZOS & FINAS HIERBAS X 50GR,,1000,7798195940302
00003666,VITALGY BARRITA ARANDANOS&ALMEND. X 40GR,,1500,7798372110177
00004024,VITALGY BARRITA CAJU&ARANDANOS X 40GR.,,1500,7798372110337
00001426,VITAMINAWAY VIT B12 X 20 CAPS,VEGANA,11200,7798008296183
00004089,VITAMINWAY K2 + D3 X 30 CAPS.,,13300,7798008297234
00004088,VITAMINWAY MAGNESIO X 30 CAPS.,,5600,7798008294202
00004090,VITATECH LECITINA DE SOJA X 60 CAPS,,11600,7798139070300
00000340,WAKAS FUSILLI ALUBIA X 300GR,QUINOA,5500,7798031470857
00004097,WAKAS FUSILLI ALUBIA&CHIA X 300GR.,GARBANZO,6000,7798031470864
00004139,WAKAS FUSILLI MULTICEREAL X 300GR,MAIZ,4000,7798031470796
00000336,WAKAS FUSILLI MULTICEREAL X 300GR.,AMARANTO,4000,7798031470802
00000337,WAKAS FUSILLI MULTICEREAL X 300GR.,QUINOA,4000,7798031470826
00000338,WAKAS FUSILLI MULTICEREAL X 300GR.,CHIA,4000,7798031470819
00000339,WAKAS FUSILLI MULTICEREAL X 300GR.,KALE,4000,7798031470833
00003618,WAKAS PENNE RIGATE MULTICEREAL X 300GR.,KALE,4000,7798031470888
00004036,WAKAS PENNE RIGATE MULTICEREAL X 300GR.,QUINOA,4000,7798031470871
00004140,WAKAS PENNE RIGATE MULTICEREAL X 300GR.,MAIZ,4000,7798031470789
00000289,WAKAS RISONI ALUBIA&ARROZ X 300GR,ESPINACA,6500,7798031470567
00004110,WAKAS RISONI ALUBIA&ARROZ X 300GR,CLASICO,6500,7798031470581
00000290,WAKAS RISONI ALUBIA&ARROZ X 300GR.,ZANAHORIA,6500,7798031470574
00004111,WAKAS SPAGHETTI DE MAIZ X 400 GR,,6000,7798031470840
00004068,WAPI QUESO COTTAGE X 340GR,,16000,7798096213796
00000727,WIK! BARRITA DE QUINOA&CHOCOLATE X 20GR.,S/ TACC,1300,7798055091038
00003878,WOLF ENERG. GUARANA&JENGIBRE X 473ML.,S/AZUCAR,3000,7798347670248
00003303,YAIZA PEPAS ALGARROBA&AVENA X 250GR.,F. DEL BOS,4500,781159035845
00004019,YAIZA PEPAS DE BATATA X 250GR.,,4500,764451468948
00003233,YAIZA PEPAS INTEGRALES&CHIA X 250GR.,ARANDANOS,4500,659525235604
00003983,YIN YANG ARROZ INTEGRAL ORGANICO X 500GR,S/ TACC,2750,7790495001585
00002460,YIN YANG ARROZ INTEGRAL YAMANI X 500GR.,,3200,7790495005651
00004173,YIN YANG AVENA ARROLLADA FINA X 400 GR.,,3500,7790495006108
00003755,YIN YANG HEBRAS DE CHIA X 140GR.,,1500,7790495004500
00003981,YIN YANG MIX ESPECIAL F. SECOS X 150GR.,S/TACC,4000,7790495005712
00003982,YIN YANG MULTISEMILLAS POP X 80GR.,S/ TACC,1200,7790495003817
00000416,YIN YANG QUINOA POP C/ ALGARROBA X 80GR,S/TACC,1200,7790495001004
00001072,YIN YANG QUINOA POP C/ARANDANOS X 80 GR.,,1200,7790495005774
00003683,YIN YANG QUINOA POP KIDS X 50GR.,S/ TACC,600,7790495004685
00000415,YIN YANG QUINOA POP X 80G.,,1000,7790495003404
00003551,YIN YANG QUINOA POP X 80GR.,S/ AZUCAR,1000,7790495006092
00003610,YIN YANG TOSTI DE CHIA&ARROZ INT X 120GR,,1500,7790495004401
00003604,ZAFRAN GALLE DE CACAO&MANI&CAFE X 150GR.,INTEGRALES,3400,7798187760161
00000970,ZAFRAN GRANOLA ALM&PASAS&GIRASOL X 230GR,,7200,7798187760970
00002709,ZENISSIMO SALMAS CLASICAS X 90GR.,S/ TACC,3000,7793890261844
